Date,Store,Sales,Open,Promo
2024-01-01,1,6707,1,1
2024-01-02,1,6804,1,0
2024-01-03,1,5285,1,1
2024-01-04,1,5532,1,1
2024-01-05,1,7773,1,0
2024-01-06,1,9379,1,0
2024-01-07,1,6192,0,0
2024-01-08,1,5609,1,1
2024-01-09,1,5640,1,0
2024-01-10,1,6055,1,0
2024-01-11,1,5053,1,1
2024-01-12,1,8701,1,0
2024-01-13,1,8854,1,0
2024-01-14,1,6908,0,1
2024-01-15,1,6433,1,0
2024-01-16,1,5877,1,0
2024-01-17,1,6633,1,1
2024-01-18,1,5414,1,0
2024-01-19,1,9101,1,1
2024-01-20,1,9531,1,1
2024-01-21,1,5922,0,0
2024-01-22,1,5285,1,0
2024-01-23,1,6001,1,1
2024-01-24,1,5812,1,0
2024-01-25,1,5421,1,0
2024-01-26,1,9208,1,0
2024-01-27,1,9344,1,0
2024-01-28,1,5566,0,0
2024-01-29,1,5870,1,1
2024-01-30,1,5628,1,0
2024-01-31,1,5953,1,0
2024-02-01,1,5715,1,1
2024-02-02,1,9287,1,1
2024-02-03,1,9411,1,0
2024-02-04,1,5829,0,0
2024-02-05,1,6476,1,1
2024-02-06,1,6170,1,1
2024-02-07,1,6779,1,0
2024-02-08,1,6178,1,0
2024-02-09,1,8526,1,0
2024-02-10,1,8258,1,1
2024-02-11,1,6299,0,0
2024-02-12,1,5952,1,0
2024-02-13,1,5366,1,0
2024-02-14,1,5705,1,1
2024-02-15,1,5739,1,0
2024-02-16,1,9441,1,0
2024-02-17,1,9176,1,0
2024-02-18,1,5432,0,0
2024-02-19,1,5494,1,1
2024-02-20,1,5761,1,0
2024-02-21,1,5184,1,0
2024-02-22,1,6967,1,0
2024-02-23,1,8439,1,1
2024-02-24,1,9130,1,1
2024-02-25,1,5641,0,0
2024-02-26,1,6288,1,1
2024-02-27,1,6116,1,0
2024-02-28,1,6257,1,0
2024-02-29,1,4971,1,1
2024-03-01,1,8931,1,0
2024-03-02,1,8353,1,0
2024-03-03,1,6492,0,0
2024-03-04,1,6054,1,0
2024-03-05,1,6104,1,1
2024-03-06,1,5091,1,1
2024-03-07,1,6149,1,1
2024-03-08,1,9614,1,1
2024-03-09,1,8805,1,1
2024-03-10,1,6401,0,0
2024-03-11,1,5923,1,0
2024-03-12,1,6329,1,1
2024-03-13,1,5573,1,0
2024-03-14,1,6505,1,1
2024-03-15,1,9260,1,0
2024-03-16,1,8657,1,0
2024-03-17,1,5551,0,0
2024-03-18,1,5850,1,0
2024-03-19,1,5455,1,0
2024-03-20,1,5590,1,0
2024-03-21,1,5966,1,1
2024-03-22,1,8078,1,0
2024-03-23,1,9245,1,0
2024-03-24,1,6339,0,0
2024-03-25,1,5366,1,1
2024-03-26,1,6200,1,1
2024-03-27,1,6187,1,0
2024-03-28,1,6342,1,1
2024-03-29,1,9210,1,0
2024-03-30,1,8997,1,1
2024-03-31,1,5525,0,1
2024-04-01,1,5925,1,0
2024-04-02,1,5503,1,1
2024-04-03,1,5975,1,1
2024-04-04,1,5775,1,0
2024-04-05,1,8959,1,0
2024-04-06,1,9068,1,0
2024-04-07,1,6499,0,1
2024-04-08,1,6714,1,0
2024-04-09,1,7322,1,0
2024-04-10,1,5815,1,0
2024-04-11,1,5073,1,0
2024-04-12,1,8399,1,1
2024-04-13,1,8976,1,0
2024-04-14,1,6363,0,0
2024-04-15,1,5817,1,0
2024-04-16,1,6522,1,0
2024-04-17,1,7238,1,1
2024-04-18,1,6919,1,0
2024-04-19,1,8581,1,0
2024-04-20,1,8029,1,0
2024-04-21,1,6488,0,1
2024-04-22,1,5471,1,1
2024-04-23,1,5790,1,0
2024-04-24,1,5800,1,1
2024-04-25,1,5072,1,0
2024-04-26,1,9891,1,0
2024-04-27,1,9121,1,0
2024-04-28,1,6926,0,0
2024-04-29,1,6087,1,0
2024-04-30,1,6617,1,1
2024-05-01,1,5985,1,0
2024-05-02,1,5582,1,0
2024-05-03,1,10540,1,0
2024-05-04,1,9424,1,0
2024-05-05,1,6678,0,0
2024-05-06,1,5828,1,0
2024-05-07,1,6536,1,0
2024-05-08,1,5079,1,1
2024-05-09,1,6216,1,1
2024-05-10,1,9111,1,0
2024-05-11,1,8240,1,1
2024-05-12,1,5856,0,1
2024-05-13,1,7088,1,0
2024-05-14,1,5122,1,0
2024-05-15,1,6338,1,0
2024-05-16,1,5231,1,0
2024-05-17,1,9193,1,1
2024-05-18,1,8587,1,0
2024-05-19,1,5025,0,1
2024-05-20,1,5547,1,0
2024-05-21,1,5724,1,0
2024-05-22,1,7160,1,0
2024-05-23,1,6372,1,0
2024-05-24,1,9194,1,1
2024-05-25,1,8597,1,0
2024-05-26,1,6189,0,0
2024-05-27,1,6048,1,0
2024-05-28,1,5932,1,0
2024-05-29,1,6319,1,0
2024-05-30,1,5696,1,1
2024-05-31,1,9904,1,1
2024-06-01,1,9878,1,0
2024-06-02,1,5984,0,0
2024-06-03,1,6265,1,0
2024-06-04,1,5632,1,0
2024-06-05,1,6106,1,0
2024-06-06,1,6126,1,0
2024-06-07,1,9691,1,0
2024-06-08,1,9533,1,0
2024-06-09,1,5943,0,0
2024-06-10,1,5847,1,1
2024-06-11,1,6008,1,1
2024-06-12,1,5436,1,1
2024-06-13,1,6409,1,0
2024-06-14,1,8929,1,1
2024-06-15,1,9360,1,0
2024-06-16,1,6285,0,0
2024-06-17,1,6389,1,0
2024-06-18,1,6492,1,0
2024-06-19,1,4958,1,0
2024-06-20,1,5691,1,0
2024-06-21,1,9441,1,0
2024-06-22,1,8840,1,0
2024-06-23,1,7634,0,0
2024-06-24,1,5642,1,0
2024-06-25,1,6684,1,0
2024-06-26,1,5805,1,0
2024-06-27,1,6633,1,0
2024-06-28,1,8669,1,0
2024-06-29,1,9123,1,0
2024-06-30,1,5499,0,0
2024-07-01,1,5592,1,1
2024-07-02,1,6192,1,0
2024-07-03,1,6991,1,0
2024-07-04,1,6263,1,0
2024-07-05,1,8390,1,1
2024-07-06,1,9076,1,0
2024-07-07,1,5685,0,0
2024-07-08,1,6126,1,0
2024-07-09,1,5024,1,0
2024-07-10,1,5846,1,0
2024-07-11,1,4993,1,0
2024-07-12,1,9140,1,1
2024-07-13,1,10435,1,1
2024-07-14,1,6218,0,0
2024-07-15,1,7062,1,0
2024-07-16,1,5805,1,0
2024-07-17,1,6560,1,0
2024-07-18,1,5749,1,0
2024-07-19,1,9416,1,0
2024-07-20,1,9316,1,1
2024-07-21,1,6245,0,0
2024-07-22,1,6133,1,0
2024-07-23,1,5343,1,0
2024-07-24,1,5995,1,0
2024-07-25,1,6004,1,1
2024-07-26,1,8571,1,0
2024-07-27,1,9207,1,1
2024-07-28,1,6197,0,0
2024-07-29,1,6443,1,1
2024-07-30,1,5711,1,0
2024-07-31,1,5936,1,1
2024-08-01,1,5783,1,1
2024-08-02,1,9460,1,0
2024-08-03,1,9700,1,0
2024-08-04,1,5819,0,0
2024-08-05,1,6341,1,1
2024-08-06,1,5610,1,0
2024-08-07,1,6136,1,0
2024-08-08,1,6216,1,0
2024-08-09,1,9676,1,0
2024-08-10,1,8773,1,1
2024-08-11,1,5601,0,0
2024-08-12,1,6435,1,0
2024-08-13,1,5717,1,0
2024-08-14,1,5999,1,1
2024-08-15,1,5938,1,0
2024-08-16,1,9802,1,0
2024-08-17,1,8676,1,0
2024-08-18,1,7037,0,1
2024-08-19,1,5399,1,0
2024-08-20,1,6565,1,0
2024-08-21,1,6262,1,1
2024-08-22,1,6071,1,1
2024-08-23,1,9011,1,0
2024-08-24,1,8785,1,1
2024-08-25,1,6213,0,0
2024-08-26,1,6327,1,0
2024-08-27,1,5381,1,0
2024-08-28,1,5993,1,0
2024-08-29,1,6411,1,0
2024-08-30,1,9066,1,0
2024-08-31,1,8982,1,0
2024-09-01,1,5944,0,0
2024-09-02,1,6269,1,0
2024-09-03,1,5704,1,0
2024-09-04,1,5189,1,1
2024-09-05,1,6276,1,0
2024-09-06,1,9279,1,1
2024-09-07,1,8301,1,0
2024-09-08,1,6529,0,0
2024-09-09,1,6648,1,0
2024-09-10,1,5753,1,1
2024-09-11,1,5967,1,0
2024-09-12,1,5916,1,0
2024-09-13,1,8943,1,0
2024-09-14,1,9968,1,0
2024-09-15,1,7209,0,1
2024-09-16,1,5911,1,0
2024-09-17,1,5443,1,1
2024-09-18,1,5243,1,0
2024-09-19,1,6465,1,0
2024-09-20,1,9593,1,0
2024-09-21,1,9740,1,0
2024-09-22,1,5298,0,0
2024-09-23,1,5983,1,0
2024-09-24,1,6534,1,0
2024-09-25,1,6445,1,0
2024-09-26,1,5382,1,0
2024-09-27,1,8821,1,0
2024-09-28,1,8873,1,1
2024-09-29,1,5496,0,1
2024-09-30,1,6424,1,1
2024-10-01,1,5892,1,1
2024-10-02,1,6445,1,0
2024-10-03,1,5766,1,0
2024-10-04,1,9664,1,0
2024-10-05,1,9323,1,1
2024-10-06,1,5421,0,0
2024-10-07,1,5876,1,0
2024-10-08,1,5534,1,0
2024-10-09,1,5825,1,0
2024-10-10,1,6470,1,0
2024-10-11,1,8264,1,0
2024-10-12,1,9221,1,1
2024-10-13,1,5015,0,0
2024-10-14,1,6533,1,0
2024-10-15,1,5466,1,1
2024-10-16,1,6582,1,0
2024-10-17,1,5750,1,0
2024-10-18,1,8601,1,1
2024-10-19,1,8555,1,0
2024-10-20,1,6732,0,0
2024-10-21,1,5871,1,1
2024-10-22,1,5956,1,1
2024-10-23,1,6024,1,0
2024-10-24,1,6569,1,0
2024-10-25,1,9396,1,0
2024-10-26,1,9139,1,0
2024-10-27,1,6001,0,0
2024-10-28,1,6877,1,0
2024-10-29,1,5621,1,0
2024-10-30,1,5651,1,0
2024-10-31,1,5015,1,0
2024-11-01,1,9239,1,0
2024-11-02,1,9296,1,0
2024-11-03,1,6167,0,0
2024-11-04,1,5167,1,1
2024-11-05,1,5876,1,1
2024-11-06,1,5684,1,1
2024-11-07,1,5431,1,1
2024-11-08,1,9371,1,0
2024-11-09,1,9605,1,0
2024-11-10,1,5558,0,1
2024-11-11,1,6145,1,1
2024-11-12,1,5868,1,1
2024-11-13,1,6272,1,0
2024-11-14,1,6501,1,0
2024-11-15,1,8859,1,0
2024-11-16,1,9107,1,0
2024-11-17,1,5898,0,0
2024-11-18,1,4978,1,0
2024-11-19,1,6006,1,1
2024-11-20,1,5703,1,0
2024-11-21,1,6958,1,1
2024-11-22,1,9080,1,0
2024-11-23,1,8269,1,0
2024-11-24,1,6215,0,1
2024-11-25,1,5886,1,1
2024-11-26,1,5798,1,0
2024-11-27,1,4979,1,0
2024-11-28,1,5236,1,0
2024-11-29,1,9176,1,0
2024-11-30,1,8459,1,0
2024-12-01,1,5900,0,0
2024-12-02,1,6267,1,0
2024-12-03,1,5981,1,1
2024-12-04,1,6686,1,1
2024-12-05,1,7082,1,0
2024-12-06,1,9302,1,0
2024-12-07,1,9395,1,0
2024-12-08,1,5802,0,0
2024-12-09,1,6151,1,1
2024-12-10,1,5636,1,1
2024-12-11,1,6593,1,0
2024-12-12,1,5622,1,1
2024-12-13,1,8915,1,0
2024-12-14,1,8179,1,0
2024-12-15,1,6646,0,0
2024-12-16,1,6387,1,0
2024-12-17,1,4891,1,0
2024-12-18,1,5502,1,0
2024-12-19,1,5363,1,0
2024-12-20,1,7945,1,0
2024-12-21,1,9909,1,0
2024-12-22,1,7891,0,1
2024-12-23,1,6334,1,1
2024-12-24,1,7076,1,1
2024-12-25,1,6314,1,1
2024-12-26,1,6064,1,0
2024-12-27,1,8194,1,0
2024-12-28,1,8623,1,0
2024-12-29,1,5417,0,0
2024-12-30,1,5559,1,1
2024-12-31,1,5249,1,0
2025-01-01,1,4365,1,0
2025-01-02,1,5287,1,0
2025-01-03,1,9151,1,0
2025-01-04,1,8820,1,0
2025-01-05,1,5812,0,0
2025-01-06,1,5587,1,1
2025-01-07,1,5634,1,0
2025-01-08,1,6256,1,0
2025-01-09,1,6197,1,0
2025-01-10,1,9079,1,0
2025-01-11,1,8847,1,1
2025-01-12,1,6288,0,0
2025-01-13,1,5527,1,1
2025-01-14,1,5271,1,0
2025-01-15,1,6123,1,1
2025-01-16,1,6214,1,1
2025-01-17,1,9083,1,1
2025-01-18,1,8298,1,0
2025-01-19,1,5900,0,1
2025-01-20,1,6073,1,0
2025-01-21,1,6653,1,0
2025-01-22,1,5955,1,1
2025-01-23,1,6157,1,1
2025-01-24,1,8559,1,0
2025-01-25,1,8678,1,0
2025-01-26,1,5643,0,0
2025-01-27,1,6281,1,1
2025-01-28,1,5784,1,0
2025-01-29,1,5948,1,0
2025-01-30,1,6116,1,0
2025-01-31,1,8732,1,0
2025-02-01,1,9700,1,0
2025-02-02,1,5627,0,0
2025-02-03,1,6388,1,0
2025-02-04,1,6488,1,0
2025-02-05,1,6379,1,0
2025-02-06,1,6167,1,0
2025-02-07,1,9117,1,1
2025-02-08,1,8496,1,0
2025-02-09,1,5819,0,1
2025-02-10,1,5074,1,0
2025-02-11,1,6107,1,1
2025-02-12,1,6219,1,0
2025-02-13,1,6157,1,0
2025-02-14,1,9189,1,0
2025-02-15,1,8963,1,0
2025-02-16,1,5824,0,1
2025-02-17,1,6192,1,1
2025-02-18,1,6084,1,0
2025-02-19,1,6063,1,0
2025-02-20,1,5970,1,1
2025-02-21,1,7950,1,1
2025-02-22,1,9347,1,1
2025-02-23,1,5551,0,0
2025-02-24,1,5480,1,0
2025-02-25,1,5998,1,0
2025-02-26,1,6535,1,1
2025-02-27,1,4751,1,0
2025-02-28,1,8519,1,0
2025-03-01,1,10083,1,1
2025-03-02,1,6443,0,0
2025-03-03,1,5623,1,0
2025-03-04,1,6428,1,0
2025-03-05,1,6379,1,0
2025-03-06,1,5270,1,0
2025-03-07,1,9373,1,0
2025-03-08,1,8127,1,0
2025-03-09,1,5724,0,1
2025-03-10,1,6278,1,1
2025-03-11,1,6550,1,0
2025-03-12,1,5628,1,1
2025-03-13,1,7504,1,0
2025-03-14,1,9506,1,0
2025-03-15,1,8180,1,0
2025-03-16,1,6273,0,0
2025-03-17,1,6178,1,1
2025-03-18,1,6199,1,1
2025-03-19,1,4843,1,0
2025-03-20,1,6524,1,0
2025-03-21,1,8536,1,0
2025-03-22,1,8595,1,1
2025-03-23,1,6319,0,1
2025-03-24,1,6432,1,1
2025-03-25,1,5379,1,0
2025-03-26,1,5541,1,0
2025-03-27,1,5654,1,0
2025-03-28,1,8878,1,1
2025-03-29,1,8828,1,0
2025-03-30,1,5418,0,0
2025-03-31,1,6324,1,1
2025-04-01,1,6596,1,1
2025-04-02,1,7100,1,0
2025-04-03,1,5111,1,0
2025-04-04,1,8877,1,1
2025-04-05,1,9201,1,0
2025-04-06,1,5951,0,0
2025-04-07,1,5705,1,0
2025-04-08,1,6308,1,0
2025-04-09,1,5328,1,0
2025-04-10,1,6284,1,0
2025-04-11,1,8751,1,0
2025-04-12,1,8847,1,0
2025-04-13,1,5249,0,0
2025-04-14,1,6292,1,0
2025-04-15,1,5831,1,1
2025-04-16,1,6043,1,0
2025-04-17,1,5578,1,0
2025-04-18,1,8671,1,1
2025-04-19,1,8607,1,1
2025-04-20,1,5069,0,0
2025-04-21,1,6497,1,1
2025-04-22,1,5693,1,1
2025-04-23,1,6331,1,0
2025-04-24,1,6226,1,0
2025-04-25,1,9250,1,0
2025-04-26,1,8087,1,1
2025-04-27,1,6165,0,0
2025-04-28,1,6479,1,0
2025-04-29,1,6713,1,0
2025-04-30,1,6873,1,0
2025-05-01,1,5475,1,0
2025-05-02,1,9028,1,0
2025-05-03,1,8272,1,1
2025-05-04,1,6472,0,1
2025-05-05,1,5361,1,0
2025-05-06,1,6264,1,0
2025-05-07,1,7149,1,0
2025-05-08,1,6464,1,0
2025-05-09,1,8808,1,0
2025-05-10,1,9398,1,0
2025-05-11,1,5626,0,0
2025-05-12,1,5905,1,0
2025-05-13,1,6097,1,0
2025-05-14,1,5990,1,0
2025-05-15,1,5885,1,0
2025-05-16,1,9266,1,0
2025-05-17,1,8118,1,1
2025-05-18,1,7027,0,0
2025-05-19,1,6072,1,1
2025-05-20,1,6566,1,1
2025-05-21,1,6603,1,0
2025-05-22,1,6819,1,1
2025-05-23,1,9027,1,0
2025-05-24,1,8603,1,0
2025-05-25,1,6045,0,0
2025-05-26,1,5730,1,0
2025-05-27,1,5063,1,0
2025-05-28,1,6281,1,0
2025-05-29,1,5500,1,0
2025-05-30,1,8416,1,0
2025-05-31,1,9703,1,1
2025-06-01,1,6831,0,0
2025-06-02,1,6201,1,0
2025-06-03,1,6998,1,1
2025-06-04,1,6524,1,0
2025-06-05,1,5879,1,0
2025-06-06,1,8873,1,0
2025-06-07,1,8247,1,0
2025-06-08,1,5092,0,1
2025-06-09,1,5568,1,0
2025-06-10,1,6510,1,0
2025-06-11,1,5865,1,0
2025-06-12,1,6232,1,0
2025-06-13,1,9164,1,0
2025-06-14,1,9232,1,1
2025-06-15,1,5950,0,0
2025-06-16,1,5021,1,0
2025-06-17,1,6506,1,0
2025-06-18,1,6243,1,0
2025-06-19,1,6130,1,1
2025-06-20,1,9998,1,0
2025-06-21,1,9422,1,0
2025-06-22,1,5784,0,0
2025-06-23,1,5561,1,0
2025-06-24,1,6119,1,0
2025-06-25,1,6349,1,0
2025-06-26,1,6096,1,0
2025-06-27,1,8964,1,0
2025-06-28,1,9022,1,0
2025-06-29,1,6257,0,0
2025-06-30,1,6105,1,0
2025-07-01,1,6797,1,0
2025-07-02,1,5863,1,0
2025-07-03,1,6102,1,0
2025-07-04,1,8961,1,1
2025-07-05,1,9285,1,1
2025-07-06,1,5895,0,0
2025-07-07,1,6036,1,0
2025-07-08,1,5730,1,0
2025-07-09,1,5673,1,1
2025-07-10,1,6165,1,0
2025-07-11,1,8513,1,1
2025-07-12,1,8299,1,1
2025-07-13,1,5263,0,1
2025-07-14,1,6739,1,0
2025-07-15,1,5528,1,1
2025-07-16,1,5687,1,0
2025-07-17,1,4901,1,0
2025-07-18,1,8685,1,0
2025-07-19,1,9027,1,1
2025-07-20,1,6049,0,0
2025-07-21,1,6814,1,0
2025-07-22,1,7054,1,0
2025-07-23,1,5520,1,1
2025-07-24,1,7140,1,0
2025-07-25,1,9033,1,0
2025-07-26,1,8806,1,0
2025-07-27,1,6042,0,0
2025-07-28,1,7025,1,0
2025-07-29,1,5374,1,0
2025-07-30,1,5987,1,1
2025-07-31,1,5606,1,1
2025-08-01,1,8847,1,0
2025-08-02,1,9183,1,0
2025-08-03,1,6252,0,0
2025-08-04,1,5342,1,1
2025-08-05,1,7013,1,0
2025-08-06,1,6093,1,0
2025-08-07,1,6125,1,1
2025-08-08,1,8154,1,0
2025-08-09,1,8864,1,0
2025-08-10,1,6068,0,0
2025-08-11,1,5483,1,0
2025-08-12,1,5926,1,0
2025-08-13,1,5316,1,0
2025-08-14,1,6039,1,0
2025-08-15,1,8421,1,0
2025-08-16,1,7702,1,0
2025-08-17,1,6142,0,1
2025-08-18,1,6645,1,1
2025-08-19,1,6347,1,0
2025-08-20,1,6643,1,1
2025-08-21,1,6055,1,0
2025-08-22,1,8441,1,0
2025-08-23,1,9057,1,0
2025-08-24,1,6251,0,0
2025-08-25,1,5939,1,1
2025-08-26,1,5955,1,0
2025-08-27,1,5364,1,0
2025-08-28,1,6011,1,0
2025-08-29,1,8867,1,0
2025-08-30,1,9536,1,1
2025-08-31,1,6056,0,0
2025-09-01,1,6124,1,1
2025-09-02,1,5962,1,1
2025-09-03,1,6976,1,1
2025-09-04,1,6097,1,1
2025-09-05,1,9041,1,0
2025-09-06,1,9477,1,0
2025-09-07,1,5095,0,0
2025-09-08,1,6830,1,0
2025-09-09,1,5183,1,0
2025-09-10,1,5710,1,0
2025-09-11,1,6227,1,0
2025-09-12,1,7823,1,0
2025-09-13,1,9226,1,0
2025-09-14,1,5362,0,1
2025-09-15,1,6240,1,1
2025-09-16,1,5731,1,0
2025-09-17,1,6009,1,1
2025-09-18,1,6431,1,1
2025-09-19,1,9579,1,1
2025-09-20,1,8828,1,1
2025-09-21,1,6621,0,1
2025-09-22,1,4522,1,1
2025-09-23,1,6425,1,0
2025-09-24,1,5545,1,0
2025-09-25,1,6535,1,1
2025-09-26,1,9117,1,0
2025-09-27,1,8086,1,1
2025-09-28,1,5640,0,1
2025-09-29,1,5754,1,0
2025-09-30,1,5092,1,0
2025-10-01,1,5663,1,1
2025-10-02,1,5472,1,0
2025-10-03,1,8872,1,1
2025-10-04,1,8599,1,0
2025-10-05,1,5984,0,0
2025-10-06,1,5690,1,1
2025-10-07,1,6210,1,0
2025-10-08,1,5981,1,0
2025-10-09,1,6886,1,0
2025-10-10,1,8326,1,0
2025-10-11,1,8244,1,0
2025-10-12,1,5982,0,1
2025-10-13,1,6489,1,0
2025-10-14,1,6359,1,0
2025-10-15,1,6274,1,0
2025-10-16,1,6400,1,1
2025-10-17,1,8454,1,0
2025-10-18,1,7469,1,0
2025-10-19,1,6330,0,0
2025-10-20,1,5396,1,0
2025-10-21,1,5967,1,0
2025-10-22,1,6376,1,0
2025-10-23,1,6428,1,0
2025-10-24,1,8726,1,1
2025-10-25,1,9503,1,1
2025-10-26,1,5447,0,1
2025-10-27,1,5675,1,0
2025-10-28,1,5888,1,1
2025-10-29,1,5893,1,1
2025-10-30,1,7089,1,0
2025-10-31,1,7597,1,1
2025-11-01,1,8323,1,0
2025-11-02,1,5800,0,1
2025-11-03,1,6496,1,1
2025-11-04,1,5823,1,1
2025-11-05,1,5750,1,1
2025-11-06,1,6178,1,0
2025-11-07,1,10547,1,0
2025-11-08,1,9111,1,1
2025-11-09,1,5816,0,1
2025-11-10,1,5758,1,0
2025-11-11,1,5822,1,1
2025-11-12,1,6248,1,0
2025-11-13,1,6317,1,0
2025-11-14,1,9066,1,0
2025-11-15,1,9245,1,1
2025-11-16,1,6173,0,0
2025-11-17,1,7032,1,0
2025-11-18,1,6857,1,0
2025-11-19,1,6575,1,0
2025-11-20,1,5619,1,0
2025-11-21,1,8804,1,0
2025-11-22,1,9370,1,0
2025-11-23,1,6247,0,1
2025-11-24,1,5657,1,0
2025-11-25,1,5981,1,0
2025-11-26,1,6201,1,0
2025-11-27,1,5856,1,1
2025-11-28,1,9012,1,1
2025-11-29,1,8576,1,0
2025-11-30,1,5990,0,0
2025-12-01,1,6544,1,0
2025-12-02,1,5341,1,0
2025-12-03,1,5716,1,0
2025-12-04,1,7252,1,0
2025-12-05,1,8192,1,0
2025-12-06,1,8549,1,1
2025-12-07,1,6327,0,0
2025-12-08,1,5796,1,0
2025-12-09,1,5705,1,0
2025-12-10,1,4945,1,0
2025-12-11,1,5665,1,1
2025-12-12,1,9271,1,1
2025-12-13,1,8618,1,0
2025-12-14,1,6504,0,0
2025-12-15,1,5132,1,0
2025-12-16,1,6530,1,0
2025-12-17,1,5121,1,0
2025-12-18,1,5921,1,1
2025-12-19,1,9321,1,0
2025-12-20,1,8465,1,0
2025-12-21,1,6108,0,0
2025-12-22,1,5196,1,0
2025-12-23,1,5589,1,1
2025-12-24,1,5947,1,0
2025-12-25,1,5980,1,1
2025-12-26,1,8833,1,0
2025-12-27,1,8310,1,0
2025-12-28,1,6077,0,0
2025-12-29,1,5374,1,0
2025-12-30,1,5617,1,0
2025-12-31,1,5793,1,0
2024-01-01,2,6567,1,0
2024-01-02,2,7199,1,0
2024-01-03,2,7296,1,1
2024-01-04,2,7410,1,0
2024-01-05,2,11064,1,0
2024-01-06,2,9783,1,1
2024-01-07,2,7393,0,0
2024-01-08,2,6762,1,0
2024-01-09,2,6011,1,0
2024-01-10,2,7353,1,1
2024-01-11,2,7273,1,0
2024-01-12,2,10676,1,1
2024-01-13,2,10055,1,0
2024-01-14,2,6759,0,0
2024-01-15,2,8089,1,0
2024-01-16,2,7429,1,0
2024-01-17,2,7089,1,0
2024-01-18,2,6633,1,0
2024-01-19,2,9874,1,0
2024-01-20,2,10778,1,1
2024-01-21,2,6708,0,0
2024-01-22,2,6929,1,0
2024-01-23,2,6793,1,0
2024-01-24,2,6933,1,1
2024-01-25,2,7092,1,0
2024-01-26,2,10441,1,0
2024-01-27,2,9841,1,0
2024-01-28,2,6973,0,0
2024-01-29,2,7135,1,0
2024-01-30,2,6511,1,1
2024-01-31,2,7339,1,1
2024-02-01,2,7275,1,0
2024-02-02,2,10696,1,0
2024-02-03,2,9707,1,0
2024-02-04,2,6667,0,0
2024-02-05,2,7270,1,1
2024-02-06,2,7087,1,0
2024-02-07,2,6702,1,0
2024-02-08,2,7036,1,1
2024-02-09,2,11923,1,0
2024-02-10,2,9602,1,1
2024-02-11,2,6515,0,0
2024-02-12,2,7198,1,0
2024-02-13,2,6997,1,0
2024-02-14,2,6884,1,1
2024-02-15,2,7138,1,0
2024-02-16,2,10638,1,0
2024-02-17,2,10075,1,0
2024-02-18,2,6413,0,1
2024-02-19,2,6353,1,0
2024-02-20,2,6283,1,1
2024-02-21,2,7425,1,0
2024-02-22,2,7337,1,0
2024-02-23,2,10694,1,0
2024-02-24,2,10342,1,0
2024-02-25,2,7864,0,0
2024-02-26,2,7396,1,1
2024-02-27,2,7214,1,0
2024-02-28,2,7203,1,0
2024-02-29,2,7500,1,1
2024-03-01,2,9553,1,0
2024-03-02,2,10369,1,0
2024-03-03,2,6827,0,0
2024-03-04,2,6964,1,0
2024-03-05,2,7622,1,0
2024-03-06,2,7155,1,0
2024-03-07,2,7513,1,0
2024-03-08,2,10133,1,1
2024-03-09,2,10451,1,0
2024-03-10,2,7112,0,1
2024-03-11,2,7722,1,0
2024-03-12,2,6116,1,1
2024-03-13,2,6617,1,1
2024-03-14,2,6463,1,0
2024-03-15,2,11177,1,1
2024-03-16,2,10251,1,1
2024-03-17,2,7923,0,1
2024-03-18,2,6982,1,1
2024-03-19,2,7210,1,1
2024-03-20,2,6740,1,0
2024-03-21,2,7599,1,0
2024-03-22,2,10441,1,0
2024-03-23,2,10394,1,1
2024-03-24,2,6337,0,1
2024-03-25,2,7113,1,1
2024-03-26,2,7062,1,0
2024-03-27,2,7886,1,1
2024-03-28,2,6699,1,0
2024-03-29,2,10409,1,0
2024-03-30,2,9997,1,1
2024-03-31,2,8534,0,1
2024-04-01,2,6657,1,0
2024-04-02,2,7382,1,0
2024-04-03,2,7338,1,1
2024-04-04,2,6366,1,1
2024-04-05,2,10979,1,0
2024-04-06,2,10465,1,1
2024-04-07,2,6582,0,0
2024-04-08,2,7353,1,1
2024-04-09,2,7301,1,1
2024-04-10,2,7331,1,0
2024-04-11,2,6611,1,1
2024-04-12,2,10409,1,0
2024-04-13,2,11350,1,0
2024-04-14,2,7185,0,0
2024-04-15,2,6737,1,0
2024-04-16,2,6852,1,1
2024-04-17,2,7814,1,0
2024-04-18,2,8029,1,0
2024-04-19,2,10518,1,1
2024-04-20,2,10921,1,0
2024-04-21,2,6848,0,1
2024-04-22,2,7022,1,1
2024-04-23,2,6602,1,0
2024-04-24,2,6301,1,0
2024-04-25,2,7998,1,0
2024-04-26,2,10240,1,0
2024-04-27,2,10543,1,0
2024-04-28,2,7460,0,0
2024-04-29,2,6493,1,0
2024-04-30,2,6533,1,0
2024-05-01,2,6502,1,0
2024-05-02,2,7204,1,1
2024-05-03,2,10395,1,0
2024-05-04,2,10599,1,0
2024-05-05,2,7064,0,0
2024-05-06,2,7668,1,0
2024-05-07,2,7024,1,0
2024-05-08,2,6089,1,0
2024-05-09,2,6827,1,0
2024-05-10,2,10414,1,0
2024-05-11,2,10269,1,0
2024-05-12,2,6451,0,0
2024-05-13,2,6519,1,1
2024-05-14,2,6891,1,1
2024-05-15,2,7091,1,0
2024-05-16,2,7364,1,1
2024-05-17,2,10862,1,0
2024-05-18,2,10319,1,0
2024-05-19,2,6652,0,0
2024-05-20,2,7213,1,1
2024-05-21,2,6990,1,0
2024-05-22,2,7394,1,1
2024-05-23,2,6821,1,0
2024-05-24,2,9872,1,0
2024-05-25,2,10805,1,1
2024-05-26,2,6816,0,0
2024-05-27,2,5705,1,0
2024-05-28,2,6600,1,0
2024-05-29,2,6599,1,0
2024-05-30,2,7672,1,1
2024-05-31,2,11035,1,0
2024-06-01,2,9854,1,1
2024-06-02,2,6939,0,0
2024-06-03,2,7411,1,0
2024-06-04,2,6846,1,0
2024-06-05,2,6333,1,0
2024-06-06,2,7560,1,0
2024-06-07,2,11325,1,0
2024-06-08,2,10993,1,1
2024-06-09,2,7476,0,0
2024-06-10,2,7832,1,0
2024-06-11,2,7409,1,1
2024-06-12,2,6979,1,0
2024-06-13,2,6720,1,1
2024-06-14,2,11309,1,0
2024-06-15,2,9739,1,0
2024-06-16,2,7307,0,1
2024-06-17,2,7240,1,0
2024-06-18,2,7007,1,0
2024-06-19,2,6929,1,0
2024-06-20,2,6847,1,1
2024-06-21,2,10350,1,0
2024-06-22,2,10931,1,0
2024-06-23,2,6612,0,0
2024-06-24,2,6500,1,0
2024-06-25,2,6914,1,0
2024-06-26,2,7185,1,1
2024-06-27,2,6809,1,0
2024-06-28,2,10683,1,0
2024-06-29,2,9143,1,1
2024-06-30,2,6256,0,0
2024-07-01,2,6258,1,0
2024-07-02,2,6515,1,0
2024-07-03,2,6882,1,1
2024-07-04,2,7061,1,0
2024-07-05,2,10966,1,0
2024-07-06,2,9896,1,0
2024-07-07,2,7613,0,0
2024-07-08,2,6391,1,0
2024-07-09,2,6699,1,1
2024-07-10,2,7402,1,0
2024-07-11,2,7765,1,1
2024-07-12,2,10651,1,1
2024-07-13,2,11291,1,1
2024-07-14,2,6432,0,0
2024-07-15,2,6140,1,0
2024-07-16,2,7710,1,0
2024-07-17,2,6956,1,0
2024-07-18,2,6564,1,1
2024-07-19,2,10345,1,1
2024-07-20,2,9645,1,0
2024-07-21,2,7089,0,0
2024-07-22,2,7712,1,0
2024-07-23,2,6637,1,0
2024-07-24,2,7151,1,0
2024-07-25,2,7874,1,1
2024-07-26,2,9977,1,0
2024-07-27,2,9861,1,0
2024-07-28,2,6565,0,0
2024-07-29,2,6517,1,0
2024-07-30,2,6498,1,1
2024-07-31,2,7715,1,0
2024-08-01,2,6660,1,0
2024-08-02,2,10630,1,1
2024-08-03,2,10505,1,0
2024-08-04,2,7514,0,0
2024-08-05,2,6852,1,0
2024-08-06,2,6383,1,0
2024-08-07,2,7007,1,0
2024-08-08,2,6991,1,1
2024-08-09,2,10273,1,0
2024-08-10,2,11306,1,0
2024-08-11,2,5870,0,0
2024-08-12,2,7043,1,0
2024-08-13,2,7066,1,1
2024-08-14,2,7404,1,0
2024-08-15,2,7231,1,0
2024-08-16,2,10994,1,1
2024-08-17,2,10550,1,1
2024-08-18,2,7274,0,0
2024-08-19,2,6169,1,1
2024-08-20,2,6495,1,0
2024-08-21,2,7147,1,0
2024-08-22,2,6861,1,1
2024-08-23,2,11168,1,0
2024-08-24,2,10147,1,0
2024-08-25,2,6942,0,0
2024-08-26,2,6810,1,1
2024-08-27,2,7047,1,0
2024-08-28,2,6782,1,0
2024-08-29,2,6990,1,0
2024-08-30,2,9988,1,0
2024-08-31,2,11056,1,1
2024-09-01,2,7264,0,1
2024-09-02,2,6752,1,0
2024-09-03,2,6631,1,0
2024-09-04,2,6009,1,1
2024-09-05,2,7368,1,0
2024-09-06,2,10538,1,0
2024-09-07,2,9893,1,1
2024-09-08,2,7037,0,0
2024-09-09,2,7237,1,1
2024-09-10,2,7125,1,0
2024-09-11,2,6615,1,0
2024-09-12,2,7403,1,1
2024-09-13,2,10464,1,0
2024-09-14,2,10538,1,0
2024-09-15,2,7236,0,1
2024-09-16,2,6808,1,0
2024-09-17,2,6598,1,0
2024-09-18,2,6626,1,0
2024-09-19,2,6439,1,0
2024-09-20,2,10354,1,0
2024-09-21,2,10556,1,0
2024-09-22,2,7005,0,1
2024-09-23,2,6487,1,1
2024-09-24,2,7009,1,1
2024-09-25,2,7131,1,0
2024-09-26,2,7257,1,1
2024-09-27,2,11263,1,0
2024-09-28,2,10026,1,0
2024-09-29,2,7114,0,0
2024-09-30,2,6729,1,1
2024-10-01,2,6637,1,1
2024-10-02,2,8104,1,1
2024-10-03,2,6872,1,1
2024-10-04,2,10440,1,0
2024-10-05,2,10024,1,0
2024-10-06,2,7791,0,1
2024-10-07,2,7071,1,0
2024-10-08,2,7481,1,0
2024-10-09,2,7048,1,0
2024-10-10,2,6602,1,0
2024-10-11,2,9735,1,0
2024-10-12,2,10259,1,0
2024-10-13,2,7073,0,0
2024-10-14,2,7838,1,1
2024-10-15,2,7346,1,0
2024-10-16,2,6407,1,0
2024-10-17,2,5943,1,0
2024-10-18,2,11513,1,1
2024-10-19,2,9964,1,0
2024-10-20,2,7258,0,0
2024-10-21,2,7315,1,0
2024-10-22,2,6859,1,0
2024-10-23,2,6437,1,0
2024-10-24,2,7813,1,0
2024-10-25,2,10317,1,0
2024-10-26,2,9721,1,0
2024-10-27,2,7124,0,1
2024-10-28,2,7023,1,1
2024-10-29,2,8094,1,0
2024-10-30,2,6454,1,0
2024-10-31,2,6928,1,0
2024-11-01,2,10002,1,0
2024-11-02,2,10702,1,0
2024-11-03,2,6462,0,1
2024-11-04,2,6966,1,0
2024-11-05,2,6842,1,0
2024-11-06,2,7370,1,0
2024-11-07,2,7152,1,0
2024-11-08,2,10598,1,0
2024-11-09,2,10631,1,0
2024-11-10,2,8049,0,0
2024-11-11,2,7415,1,0
2024-11-12,2,7197,1,0
2024-11-13,2,6949,1,0
2024-11-14,2,8122,1,0
2024-11-15,2,10877,1,0
2024-11-16,2,10554,1,0
2024-11-17,2,6827,0,0
2024-11-18,2,7682,1,0
2024-11-19,2,7626,1,0
2024-11-20,2,7130,1,0
2024-11-21,2,7106,1,0
2024-11-22,2,10628,1,1
2024-11-23,2,10961,1,0
2024-11-24,2,7727,0,1
2024-11-25,2,6711,1,1
2024-11-26,2,7307,1,0
2024-11-27,2,7459,1,0
2024-11-28,2,6273,1,1
2024-11-29,2,9677,1,0
2024-11-30,2,10616,1,0
2024-12-01,2,7309,0,1
2024-12-02,2,7027,1,1
2024-12-03,2,6774,1,0
2024-12-04,2,7578,1,1
2024-12-05,2,6923,1,1
2024-12-06,2,10924,1,0
2024-12-07,2,10564,1,0
2024-12-08,2,7477,0,0
2024-12-09,2,7614,1,1
2024-12-10,2,7951,1,1
2024-12-11,2,6848,1,1
2024-12-12,2,7224,1,0
2024-12-13,2,10225,1,0
2024-12-14,2,10138,1,0
2024-12-15,2,7261,0,1
2024-12-16,2,6449,1,0
2024-12-17,2,6996,1,0
2024-12-18,2,7046,1,0
2024-12-19,2,7331,1,0
2024-12-20,2,10244,1,0
2024-12-21,2,10880,1,0
2024-12-22,2,6910,0,0
2024-12-23,2,7300,1,0
2024-12-24,2,7526,1,1
2024-12-25,2,6655,1,1
2024-12-26,2,7166,1,0
2024-12-27,2,10197,1,1
2024-12-28,2,10743,1,0
2024-12-29,2,6739,0,0
2024-12-30,2,7561,1,1
2024-12-31,2,7148,1,1
2025-01-01,2,7777,1,0
2025-01-02,2,7309,1,0
2025-01-03,2,10667,1,0
2025-01-04,2,10321,1,1
2025-01-05,2,7856,0,0
2025-01-06,2,6582,1,0
2025-01-07,2,6722,1,0
2025-01-08,2,6925,1,1
2025-01-09,2,6852,1,0
2025-01-10,2,9759,1,0
2025-01-11,2,10441,1,0
2025-01-12,2,6810,0,1
2025-01-13,2,7744,1,1
2025-01-14,2,6923,1,1
2025-01-15,2,7205,1,0
2025-01-16,2,7068,1,0
2025-01-17,2,10975,1,0
2025-01-18,2,9847,1,1
2025-01-19,2,6920,0,0
2025-01-20,2,7709,1,0
2025-01-21,2,6873,1,1
2025-01-22,2,6214,1,0
2025-01-23,2,7524,1,1
2025-01-24,2,10324,1,0
2025-01-25,2,9256,1,0
2025-01-26,2,7643,0,1
2025-01-27,2,6697,1,0
2025-01-28,2,6537,1,0
2025-01-29,2,7612,1,0
2025-01-30,2,8152,1,0
2025-01-31,2,10580,1,0
2025-02-01,2,10299,1,0
2025-02-02,2,6869,0,0
2025-02-03,2,7223,1,0
2025-02-04,2,6787,1,1
2025-02-05,2,6231,1,1
2025-02-06,2,6041,1,0
2025-02-07,2,10040,1,1
2025-02-08,2,11028,1,1
2025-02-09,2,7286,0,0
2025-02-10,2,8312,1,1
2025-02-11,2,6336,1,1
2025-02-12,2,6529,1,0
2025-02-13,2,6539,1,0
2025-02-14,2,10116,1,1
2025-02-15,2,10357,1,0
2025-02-16,2,7721,0,1
2025-02-17,2,7390,1,1
2025-02-18,2,6982,1,0
2025-02-19,2,6951,1,1
2025-02-20,2,7199,1,1
2025-02-21,2,9965,1,0
2025-02-22,2,11160,1,0
2025-02-23,2,7002,0,0
2025-02-24,2,7530,1,0
2025-02-25,2,7402,1,1
2025-02-26,2,6905,1,0
2025-02-27,2,6212,1,0
2025-02-28,2,10622,1,0
2025-03-01,2,10943,1,0
2025-03-02,2,6370,0,0
2025-03-03,2,6843,1,0
2025-03-04,2,7215,1,1
2025-03-05,2,6739,1,0
2025-03-06,2,7531,1,1
2025-03-07,2,10672,1,0
2025-03-08,2,10992,1,0
2025-03-09,2,5989,0,0
2025-03-10,2,7691,1,0
2025-03-11,2,7136,1,1
2025-03-12,2,7369,1,0
2025-03-13,2,6637,1,1
2025-03-14,2,10075,1,0
2025-03-15,2,9446,1,1
2025-03-16,2,7177,0,0
2025-03-17,2,6158,1,0
2025-03-18,2,6674,1,0
2025-03-19,2,6576,1,0
2025-03-20,2,7676,1,0
2025-03-21,2,10130,1,0
2025-03-22,2,10941,1,0
2025-03-23,2,7082,0,0
2025-03-24,2,6440,1,0
2025-03-25,2,6516,1,0
2025-03-26,2,7359,1,0
2025-03-27,2,7173,1,0
2025-03-28,2,10649,1,0
2025-03-29,2,10825,1,1
2025-03-30,2,6769,0,0
2025-03-31,2,6468,1,1
2025-04-01,2,7284,1,0
2025-04-02,2,6994,1,1
2025-04-03,2,7805,1,0
2025-04-04,2,10089,1,0
2025-04-05,2,11413,1,0
2025-04-06,2,6787,0,1
2025-04-07,2,7305,1,1
2025-04-08,2,7515,1,0
2025-04-09,2,7220,1,0
2025-04-10,2,7284,1,0
2025-04-11,2,10146,1,0
2025-04-12,2,11044,1,1
2025-04-13,2,7358,0,1
2025-04-14,2,7136,1,0
2025-04-15,2,7359,1,0
2025-04-16,2,6844,1,0
2025-04-17,2,6555,1,0
2025-04-18,2,10374,1,1
2025-04-19,2,10754,1,0
2025-04-20,2,7686,0,0
2025-04-21,2,7037,1,1
2025-04-22,2,6773,1,0
2025-04-23,2,7524,1,1
2025-04-24,2,7567,1,1
2025-04-25,2,10366,1,1
2025-04-26,2,11167,1,0
2025-04-27,2,7722,0,0
2025-04-28,2,7324,1,0
2025-04-29,2,6351,1,0
2025-04-30,2,5849,1,0
2025-05-01,2,6696,1,0
2025-05-02,2,10420,1,0
2025-05-03,2,10739,1,0
2025-05-04,2,6877,0,1
2025-05-05,2,6743,1,0
2025-05-06,2,6807,1,0
2025-05-07,2,7508,1,1
2025-05-08,2,7479,1,0
2025-05-09,2,10417,1,0
2025-05-10,2,10280,1,0
2025-05-11,2,7658,0,0
2025-05-12,2,7343,1,1
2025-05-13,2,6078,1,0
2025-05-14,2,7280,1,0
2025-05-15,2,7515,1,0
2025-05-16,2,10285,1,0
2025-05-17,2,11138,1,1
2025-05-18,2,6915,0,0
2025-05-19,2,6523,1,0
2025-05-20,2,7155,1,0
2025-05-21,2,7285,1,0
2025-05-22,2,6647,1,1
2025-05-23,2,11085,1,0
2025-05-24,2,10333,1,0
2025-05-25,2,6396,0,0
2025-05-26,2,7011,1,0
2025-05-27,2,6847,1,0
2025-05-28,2,6218,1,0
2025-05-29,2,7587,1,0
2025-05-30,2,10313,1,0
2025-05-31,2,10609,1,1
2025-06-01,2,6006,0,1
2025-06-02,2,7429,1,1
2025-06-03,2,6767,1,1
2025-06-04,2,6684,1,0
2025-06-05,2,6726,1,1
2025-06-06,2,10026,1,0
2025-06-07,2,10689,1,1
2025-06-08,2,7486,0,1
2025-06-09,2,6759,1,0
2025-06-10,2,7316,1,0
2025-06-11,2,7417,1,1
2025-06-12,2,7164,1,1
2025-06-13,2,10361,1,1
2025-06-14,2,9987,1,1
2025-06-15,2,7193,0,1
2025-06-16,2,8225,1,0
2025-06-17,2,7455,1,0
2025-06-18,2,7227,1,1
2025-06-19,2,6488,1,0
2025-06-20,2,10366,1,0
2025-06-21,2,10611,1,0
2025-06-22,2,7177,0,0
2025-06-23,2,7205,1,1
2025-06-24,2,6835,1,0
2025-06-25,2,6855,1,1
2025-06-26,2,7308,1,0
2025-06-27,2,9848,1,0
2025-06-28,2,10366,1,0
2025-06-29,2,6897,0,0
2025-06-30,2,6462,1,1
2025-07-01,2,7694,1,1
2025-07-02,2,7706,1,0
2025-07-03,2,6624,1,0
2025-07-04,2,9944,1,0
2025-07-05,2,10253,1,0
2025-07-06,2,6417,0,0
2025-07-07,2,6318,1,0
2025-07-08,2,6979,1,0
2025-07-09,2,7336,1,1
2025-07-10,2,7499,1,0
2025-07-11,2,10134,1,1
2025-07-12,2,11080,1,0
2025-07-13,2,6407,0,1
2025-07-14,2,6421,1,1
2025-07-15,2,7254,1,0
2025-07-16,2,7461,1,1
2025-07-17,2,7441,1,0
2025-07-18,2,10743,1,1
2025-07-19,2,10171,1,0
2025-07-20,2,6236,0,1
2025-07-21,2,6745,1,0
2025-07-22,2,7444,1,1
2025-07-23,2,7553,1,0
2025-07-24,2,7512,1,1
2025-07-25,2,10110,1,0
2025-07-26,2,10245,1,0
2025-07-27,2,6420,0,1
2025-07-28,2,7442,1,0
2025-07-29,2,8020,1,0
2025-07-30,2,7732,1,1
2025-07-31,2,7257,1,0
2025-08-01,2,10510,1,0
2025-08-02,2,10591,1,0
2025-08-03,2,6623,0,1
2025-08-04,2,7735,1,0
2025-08-05,2,6904,1,0
2025-08-06,2,7554,1,0
2025-08-07,2,7053,1,1
2025-08-08,2,9649,1,0
2025-08-09,2,10832,1,0
2025-08-10,2,6967,0,0
2025-08-11,2,6589,1,1
2025-08-12,2,6894,1,0
2025-08-13,2,6338,1,1
2025-08-14,2,6359,1,0
2025-08-15,2,10389,1,0
2025-08-16,2,10901,1,0
2025-08-17,2,7168,0,0
2025-08-18,2,6537,1,1
2025-08-19,2,7445,1,1
2025-08-20,2,6789,1,0
2025-08-21,2,6841,1,0
2025-08-22,2,10730,1,0
2025-08-23,2,11176,1,0
2025-08-24,2,6595,0,1
2025-08-25,2,7424,1,1
2025-08-26,2,7327,1,0
2025-08-27,2,7045,1,1
2025-08-28,2,6863,1,0
2025-08-29,2,10053,1,1
2025-08-30,2,11672,1,0
2025-08-31,2,7299,0,1
2025-09-01,2,6521,1,0
2025-09-02,2,6518,1,1
2025-09-03,2,7011,1,0
2025-09-04,2,6312,1,1
2025-09-05,2,9917,1,1
2025-09-06,2,9723,1,0
2025-09-07,2,6689,0,1
2025-09-08,2,6968,1,0
2025-09-09,2,6652,1,0
2025-09-10,2,7392,1,0
2025-09-11,2,6419,1,0
2025-09-12,2,10887,1,1
2025-09-13,2,11345,1,0
2025-09-14,2,7429,0,1
2025-09-15,2,6524,1,0
2025-09-16,2,6856,1,0
2025-09-17,2,7580,1,0
2025-09-18,2,7117,1,1
2025-09-19,2,10504,1,0
2025-09-20,2,10834,1,0
2025-09-21,2,7254,0,0
2025-09-22,2,7678,1,0
2025-09-23,2,6624,1,0
2025-09-24,2,8550,1,0
2025-09-25,2,7244,1,0
2025-09-26,2,10531,1,1
2025-09-27,2,10334,1,0
2025-09-28,2,6816,0,1
2025-09-29,2,7122,1,0
2025-09-30,2,7662,1,1
2025-10-01,2,7517,1,0
2025-10-02,2,7307,1,0
2025-10-03,2,9971,1,0
2025-10-04,2,10106,1,0
2025-10-05,2,7260,0,0
2025-10-06,2,6952,1,0
2025-10-07,2,6956,1,0
2025-10-08,2,7536,1,1
2025-10-09,2,7076,1,0
2025-10-10,2,11146,1,0
2025-10-11,2,10232,1,1
2025-10-12,2,7252,0,0
2025-10-13,2,7548,1,1
2025-10-14,2,7764,1,0
2025-10-15,2,7697,1,1
2025-10-16,2,6970,1,0
2025-10-17,2,11540,1,1
2025-10-18,2,11224,1,1
2025-10-19,2,6080,0,1
2025-10-20,2,7482,1,0
2025-10-21,2,7439,1,0
2025-10-22,2,6896,1,0
2025-10-23,2,7737,1,1
2025-10-24,2,10718,1,0
2025-10-25,2,9993,1,0
2025-10-26,2,7686,0,1
2025-10-27,2,7450,1,0
2025-10-28,2,7217,1,0
2025-10-29,2,7654,1,0
2025-10-30,2,6780,1,1
2025-10-31,2,9377,1,0
2025-11-01,2,10865,1,1
2025-11-02,2,6773,0,0
2025-11-03,2,7742,1,0
2025-11-04,2,7084,1,1
2025-11-05,2,6652,1,1
2025-11-06,2,6847,1,0
2025-11-07,2,10120,1,0
2025-11-08,2,11011,1,1
2025-11-09,2,7067,0,1
2025-11-10,2,6937,1,0
2025-11-11,2,6787,1,1
2025-11-12,2,7966,1,0
2025-11-13,2,6951,1,0
2025-11-14,2,10414,1,0
2025-11-15,2,10386,1,0
2025-11-16,2,7367,0,0
2025-11-17,2,6043,1,0
2025-11-18,2,6459,1,1
2025-11-19,2,6765,1,0
2025-11-20,2,8033,1,1
2025-11-21,2,9924,1,1
2025-11-22,2,11675,1,0
2025-11-23,2,7499,0,1
2025-11-24,2,7566,1,1
2025-11-25,2,6745,1,0
2025-11-26,2,6440,1,0
2025-11-27,2,7125,1,1
2025-11-28,2,10696,1,1
2025-11-29,2,10980,1,1
2025-11-30,2,7277,0,1
2025-12-01,2,7281,1,0
2025-12-02,2,7295,1,0
2025-12-03,2,6642,1,1
2025-12-04,2,6522,1,1
2025-12-05,2,10778,1,0
2025-12-06,2,9773,1,0
2025-12-07,2,6112,0,1
2025-12-08,2,7255,1,0
2025-12-09,2,6953,1,1
2025-12-10,2,6547,1,0
2025-12-11,2,7265,1,0
2025-12-12,2,10594,1,0
2025-12-13,2,11272,1,0
2025-12-14,2,7190,0,1
2025-12-15,2,7620,1,1
2025-12-16,2,7128,1,0
2025-12-17,2,6449,1,0
2025-12-18,2,7161,1,0
2025-12-19,2,9772,1,0
2025-12-20,2,10161,1,1
2025-12-21,2,6985,0,0
2025-12-22,2,6743,1,0
2025-12-23,2,7746,1,0
2025-12-24,2,6813,1,0
2025-12-25,2,7454,1,1
2025-12-26,2,10912,1,1
2025-12-27,2,11219,1,0
2025-12-28,2,7243,0,0
2025-12-29,2,7021,1,1
2025-12-30,2,7492,1,1
2025-12-31,2,7050,1,1
2024-01-01,3,7223,1,0
2024-01-02,3,8580,1,1
2024-01-03,3,7393,1,0
2024-01-04,3,7731,1,0
2024-01-05,3,12471,1,0
2024-01-06,3,12268,1,0
2024-01-07,3,7827,0,1
2024-01-08,3,7554,1,0
2024-01-09,3,7812,1,1
2024-01-10,3,7331,1,0
2024-01-11,3,7544,1,0
2024-01-12,3,11312,1,0
2024-01-13,3,11325,1,0
2024-01-14,3,7138,0,0
2024-01-15,3,8678,1,0
2024-01-16,3,8265,1,0
2024-01-17,3,7785,1,0
2024-01-18,3,7893,1,1
2024-01-19,3,12169,1,1
2024-01-20,3,12049,1,0
2024-01-21,3,8146,0,1
2024-01-22,3,8173,1,0
2024-01-23,3,8045,1,0
2024-01-24,3,7951,1,0
2024-01-25,3,7570,1,0
2024-01-26,3,11488,1,0
2024-01-27,3,11302,1,0
2024-01-28,3,7913,0,0
2024-01-29,3,7964,1,1
2024-01-30,3,8331,1,0
2024-01-31,3,7941,1,0
2024-02-01,3,7555,1,0
2024-02-02,3,10873,1,0
2024-02-03,3,11862,1,0
2024-02-04,3,7916,0,1
2024-02-05,3,8030,1,0
2024-02-06,3,7416,1,0
2024-02-07,3,8281,1,0
2024-02-08,3,8330,1,0
2024-02-09,3,11665,1,1
2024-02-10,3,11869,1,0
2024-02-11,3,7993,0,0
2024-02-12,3,8071,1,0
2024-02-13,3,8502,1,0
2024-02-14,3,8568,1,1
2024-02-15,3,8037,1,0
2024-02-16,3,11862,1,0
2024-02-17,3,11111,1,1
2024-02-18,3,7799,0,1
2024-02-19,3,7901,1,0
2024-02-20,3,8639,1,0
2024-02-21,3,8418,1,1
2024-02-22,3,8729,1,0
2024-02-23,3,11449,1,0
2024-02-24,3,12637,1,0
2024-02-25,3,8719,0,0
2024-02-26,3,9326,1,0
2024-02-27,3,7710,1,0
2024-02-28,3,7321,1,0
2024-02-29,3,7610,1,1
2024-03-01,3,11430,1,0
2024-03-02,3,11935,1,1
2024-03-03,3,7404,0,0
2024-03-04,3,7921,1,0
2024-03-05,3,8473,1,0
2024-03-06,3,8130,1,1
2024-03-07,3,7566,1,0
2024-03-08,3,12463,1,0
2024-03-09,3,12476,1,0
2024-03-10,3,7859,0,0
2024-03-11,3,7840,1,0
2024-03-12,3,8048,1,0
2024-03-13,3,8139,1,0
2024-03-14,3,9249,1,1
2024-03-15,3,12315,1,0
2024-03-16,3,13168,1,0
2024-03-17,3,7830,0,0
2024-03-18,3,7624,1,1
2024-03-19,3,8078,1,0
2024-03-20,3,7638,1,1
2024-03-21,3,8282,1,1
2024-03-22,3,12659,1,0
2024-03-23,3,12562,1,0
2024-03-24,3,7624,0,0
2024-03-25,3,7985,1,0
2024-03-26,3,8392,1,0
2024-03-27,3,8053,1,1
2024-03-28,3,7324,1,0
2024-03-29,3,12010,1,0
2024-03-30,3,10884,1,0
2024-03-31,3,8553,0,0
2024-04-01,3,8824,1,1
2024-04-02,3,8659,1,0
2024-04-03,3,7919,1,0
2024-04-04,3,8110,1,0
2024-04-05,3,11263,1,1
2024-04-06,3,10963,1,0
2024-04-07,3,7838,0,1
2024-04-08,3,7410,1,0
2024-04-09,3,7673,1,1
2024-04-10,3,6691,1,1
2024-04-11,3,8751,1,0
2024-04-12,3,12319,1,1
2024-04-13,3,12393,1,1
2024-04-14,3,7285,0,0
2024-04-15,3,9142,1,0
2024-04-16,3,8038,1,0
2024-04-17,3,7925,1,0
2024-04-18,3,7513,1,1
2024-04-19,3,10949,1,1
2024-04-20,3,12732,1,1
2024-04-21,3,8030,0,0
2024-04-22,3,7673,1,1
2024-04-23,3,8074,1,1
2024-04-24,3,8658,1,1
2024-04-25,3,8363,1,0
2024-04-26,3,11985,1,0
2024-04-27,3,12372,1,0
2024-04-28,3,7404,0,0
2024-04-29,3,8140,1,1
2024-04-30,3,7992,1,0
2024-05-01,3,8366,1,0
2024-05-02,3,8657,1,0
2024-05-03,3,12028,1,0
2024-05-04,3,11737,1,1
2024-05-05,3,7897,0,0
2024-05-06,3,8016,1,1
2024-05-07,3,8138,1,1
2024-05-08,3,8103,1,0
2024-05-09,3,8074,1,0
2024-05-10,3,11695,1,0
2024-05-11,3,12352,1,0
2024-05-12,3,8638,0,0
2024-05-13,3,7616,1,1
2024-05-14,3,7869,1,0
2024-05-15,3,8264,1,0
2024-05-16,3,7503,1,1
2024-05-17,3,12623,1,0
2024-05-18,3,12041,1,0
2024-05-19,3,7711,0,0
2024-05-20,3,8032,1,0
2024-05-21,3,8737,1,0
2024-05-22,3,7959,1,1
2024-05-23,3,7994,1,0
2024-05-24,3,11101,1,0
2024-05-25,3,11253,1,0
2024-05-26,3,7997,0,0
2024-05-27,3,8670,1,1
2024-05-28,3,8288,1,0
2024-05-29,3,8133,1,0
2024-05-30,3,8011,1,0
2024-05-31,3,11552,1,0
2024-06-01,3,12431,1,0
2024-06-02,3,8028,0,1
2024-06-03,3,8108,1,1
2024-06-04,3,7618,1,0
2024-06-05,3,8010,1,0
2024-06-06,3,7875,1,1
2024-06-07,3,12239,1,1
2024-06-08,3,11462,1,0
2024-06-09,3,7863,0,0
2024-06-10,3,8007,1,0
2024-06-11,3,8309,1,0
2024-06-12,3,7137,1,0
2024-06-13,3,8117,1,0
2024-06-14,3,11628,1,0
2024-06-15,3,12261,1,1
2024-06-16,3,8773,0,1
2024-06-17,3,7961,1,0
2024-06-18,3,8110,1,1
2024-06-19,3,7448,1,0
2024-06-20,3,7061,1,0
2024-06-21,3,12480,1,1
2024-06-22,3,11147,1,0
2024-06-23,3,7594,0,0
2024-06-24,3,8287,1,0
2024-06-25,3,7423,1,0
2024-06-26,3,8150,1,1
2024-06-27,3,8366,1,0
2024-06-28,3,11670,1,0
2024-06-29,3,11765,1,0
2024-06-30,3,7973,0,0
2024-07-01,3,7494,1,0
2024-07-02,3,7937,1,0
2024-07-03,3,8271,1,0
2024-07-04,3,7043,1,0
2024-07-05,3,12386,1,0
2024-07-06,3,12501,1,0
2024-07-07,3,8662,0,0
2024-07-08,3,8542,1,1
2024-07-09,3,8389,1,0
2024-07-10,3,7665,1,0
2024-07-11,3,8891,1,0
2024-07-12,3,11906,1,0
2024-07-13,3,11610,1,0
2024-07-14,3,7741,0,0
2024-07-15,3,7617,1,0
2024-07-16,3,8422,1,0
2024-07-17,3,7814,1,0
2024-07-18,3,7644,1,0
2024-07-19,3,11333,1,1
2024-07-20,3,12513,1,0
2024-07-21,3,8711,0,0
2024-07-22,3,7701,1,0
2024-07-23,3,7677,1,0
2024-07-24,3,7800,1,0
2024-07-25,3,7102,1,1
2024-07-26,3,12730,1,1
2024-07-27,3,11922,1,1
2024-07-28,3,8111,0,1
2024-07-29,3,8090,1,1
2024-07-30,3,7562,1,0
2024-07-31,3,7634,1,0
2024-08-01,3,7751,1,0
2024-08-02,3,11530,1,0
2024-08-03,3,12774,1,1
2024-08-04,3,8153,0,1
2024-08-05,3,8027,1,0
2024-08-06,3,9079,1,0
2024-08-07,3,8823,1,0
2024-08-08,3,7802,1,0
2024-08-09,3,11566,1,1
2024-08-10,3,12027,1,0
2024-08-11,3,7293,0,0
2024-08-12,3,7791,1,0
2024-08-13,3,8547,1,0
2024-08-14,3,7897,1,0
2024-08-15,3,7551,1,0
2024-08-16,3,11914,1,1
2024-08-17,3,11378,1,0
2024-08-18,3,6718,0,1
2024-08-19,3,8154,1,0
2024-08-20,3,8204,1,0
2024-08-21,3,7800,1,0
2024-08-22,3,8424,1,0
2024-08-23,3,12403,1,1
2024-08-24,3,12133,1,0
2024-08-25,3,7435,0,0
2024-08-26,3,8426,1,0
2024-08-27,3,7398,1,0
2024-08-28,3,8221,1,0
2024-08-29,3,7567,1,0
2024-08-30,3,11573,1,0
2024-08-31,3,12283,1,0
2024-09-01,3,7502,0,0
2024-09-02,3,7906,1,0
2024-09-03,3,7442,1,1
2024-09-04,3,7491,1,1
2024-09-05,3,7870,1,1
2024-09-06,3,12727,1,0
2024-09-07,3,11859,1,0
2024-09-08,3,8010,0,1
2024-09-09,3,7594,1,0
2024-09-10,3,7644,1,1
2024-09-11,3,7698,1,0
2024-09-12,3,7932,1,0
2024-09-13,3,11115,1,1
2024-09-14,3,12489,1,0
2024-09-15,3,8150,0,0
2024-09-16,3,7959,1,1
2024-09-17,3,7183,1,0
2024-09-18,3,7911,1,0
2024-09-19,3,8252,1,1
2024-09-20,3,12641,1,1
2024-09-21,3,11758,1,0
2024-09-22,3,7150,0,0
2024-09-23,3,6928,1,0
2024-09-24,3,8414,1,0
2024-09-25,3,7654,1,0
2024-09-26,3,7793,1,0
2024-09-27,3,11582,1,0
2024-09-28,3,11681,1,0
2024-09-29,3,7411,0,1
2024-09-30,3,7482,1,1
2024-10-01,3,8330,1,0
2024-10-02,3,7848,1,0
2024-10-03,3,8224,1,0
2024-10-04,3,12710,1,0
2024-10-05,3,12640,1,1
2024-10-06,3,8022,0,0
2024-10-07,3,7895,1,0
2024-10-08,3,7755,1,1
2024-10-09,3,7934,1,0
2024-10-10,3,8089,1,1
2024-10-11,3,12207,1,0
2024-10-12,3,12140,1,0
2024-10-13,3,8900,0,1
2024-10-14,3,8649,1,1
2024-10-15,3,8107,1,0
2024-10-16,3,8118,1,1
2024-10-17,3,7963,1,0
2024-10-18,3,11490,1,1
2024-10-19,3,12069,1,0
2024-10-20,3,8475,0,0
2024-10-21,3,8153,1,0
2024-10-22,3,6847,1,0
2024-10-23,3,8203,1,0
2024-10-24,3,7393,1,0
2024-10-25,3,12305,1,1
2024-10-26,3,12697,1,0
2024-10-27,3,7819,0,1
2024-10-28,3,7993,1,0
2024-10-29,3,8206,1,0
2024-10-30,3,7884,1,1
2024-10-31,3,9366,1,1
2024-11-01,3,11565,1,0
2024-11-02,3,12595,1,0
2024-11-03,3,7968,0,1
2024-11-04,3,8007,1,0
2024-11-05,3,8593,1,0
2024-11-06,3,7424,1,0
2024-11-07,3,7693,1,0
2024-11-08,3,12201,1,0
2024-11-09,3,12132,1,0
2024-11-10,3,8134,0,0
2024-11-11,3,7992,1,1
2024-11-12,3,8502,1,0
2024-11-13,3,8545,1,0
2024-11-14,3,7857,1,0
2024-11-15,3,12237,1,0
2024-11-16,3,12756,1,1
2024-11-17,3,8157,0,0
2024-11-18,3,8077,1,1
2024-11-19,3,8337,1,1
2024-11-20,3,8079,1,0
2024-11-21,3,8503,1,1
2024-11-22,3,12339,1,0
2024-11-23,3,11818,1,0
2024-11-24,3,7800,0,0
2024-11-25,3,8047,1,0
2024-11-26,3,7841,1,0
2024-11-27,3,8082,1,0
2024-11-28,3,8782,1,0
2024-11-29,3,12241,1,0
2024-11-30,3,10729,1,0
2024-12-01,3,8738,0,0
2024-12-02,3,7548,1,0
2024-12-03,3,7994,1,1
2024-12-04,3,7878,1,0
2024-12-05,3,7825,1,1
2024-12-06,3,12169,1,0
2024-12-07,3,12624,1,1
2024-12-08,3,8118,0,1
2024-12-09,3,7266,1,0
2024-12-10,3,8395,1,0
2024-12-11,3,7824,1,0
2024-12-12,3,7866,1,0
2024-12-13,3,12547,1,0
2024-12-14,3,11348,1,1
2024-12-15,3,7828,0,0
2024-12-16,3,8134,1,0
2024-12-17,3,7486,1,0
2024-12-18,3,7494,1,0
2024-12-19,3,7669,1,1
2024-12-20,3,12783,1,0
2024-12-21,3,12316,1,0
2024-12-22,3,7978,0,0
2024-12-23,3,8843,1,1
2024-12-24,3,8383,1,0
2024-12-25,3,7876,1,0
2024-12-26,3,7221,1,0
2024-12-27,3,12983,1,0
2024-12-28,3,11834,1,0
2024-12-29,3,8187,0,0
2024-12-30,3,8615,1,1
2024-12-31,3,8010,1,0
2025-01-01,3,9160,1,0
2025-01-02,3,7323,1,0
2025-01-03,3,11967,1,0
2025-01-04,3,11433,1,0
2025-01-05,3,8560,0,0
2025-01-06,3,9174,1,0
2025-01-07,3,8861,1,0
2025-01-08,3,8399,1,0
2025-01-09,3,7609,1,0
2025-01-10,3,12451,1,0
2025-01-11,3,11302,1,1
2025-01-12,3,8547,0,1
2025-01-13,3,7317,1,1
2025-01-14,3,7816,1,1
2025-01-15,3,7670,1,0
2025-01-16,3,9219,1,1
2025-01-17,3,11951,1,1
2025-01-18,3,12184,1,1
2025-01-19,3,8712,0,0
2025-01-20,3,8053,1,0
2025-01-21,3,7985,1,1
2025-01-22,3,7659,1,0
2025-01-23,3,7379,1,0
2025-01-24,3,11400,1,0
2025-01-25,3,12179,1,0
2025-01-26,3,8204,0,0
2025-01-27,3,8064,1,0
2025-01-28,3,6837,1,0
2025-01-29,3,8621,1,0
2025-01-30,3,7485,1,1
2025-01-31,3,12408,1,0
2025-02-01,3,12298,1,1
2025-02-02,3,8644,0,1
2025-02-03,3,7623,1,0
2025-02-04,3,7866,1,0
2025-02-05,3,8525,1,0
2025-02-06,3,7984,1,1
2025-02-07,3,12434,1,0
2025-02-08,3,11577,1,0
2025-02-09,3,7471,0,0
2025-02-10,3,7394,1,0
2025-02-11,3,7511,1,1
2025-02-12,3,8223,1,1
2025-02-13,3,7557,1,1
2025-02-14,3,12286,1,1
2025-02-15,3,11480,1,0
2025-02-16,3,8049,0,0
2025-02-17,3,8326,1,1
2025-02-18,3,7539,1,1
2025-02-19,3,8544,1,0
2025-02-20,3,7708,1,0
2025-02-21,3,12257,1,0
2025-02-22,3,11792,1,0
2025-02-23,3,7712,0,0
2025-02-24,3,8468,1,0
2025-02-25,3,6973,1,0
2025-02-26,3,8519,1,0
2025-02-27,3,8771,1,1
2025-02-28,3,11689,1,1
2025-03-01,3,10836,1,1
2025-03-02,3,8142,0,1
2025-03-03,3,8340,1,0
2025-03-04,3,7769,1,0
2025-03-05,3,7456,1,0
2025-03-06,3,9044,1,1
2025-03-07,3,12612,1,0
2025-03-08,3,13771,1,0
2025-03-09,3,8612,0,0
2025-03-10,3,7036,1,0
2025-03-11,3,8724,1,0
2025-03-12,3,8800,1,1
2025-03-13,3,7845,1,0
2025-03-14,3,11460,1,0
2025-03-15,3,11101,1,1
2025-03-16,3,8639,0,0
2025-03-17,3,7773,1,0
2025-03-18,3,7889,1,1
2025-03-19,3,8161,1,0
2025-03-20,3,8258,1,0
2025-03-21,3,12262,1,0
2025-03-22,3,12212,1,0
2025-03-23,3,7950,0,0
2025-03-24,3,8347,1,0
2025-03-25,3,7822,1,0
2025-03-26,3,7241,1,1
2025-03-27,3,8754,1,0
2025-03-28,3,11913,1,0
2025-03-29,3,12516,1,0
2025-03-30,3,7675,0,0
2025-03-31,3,7764,1,1
2025-04-01,3,7115,1,1
2025-04-02,3,7615,1,0
2025-04-03,3,8349,1,0
2025-04-04,3,12410,1,0
2025-04-05,3,12140,1,0
2025-04-06,3,7970,0,1
2025-04-07,3,8916,1,0
2025-04-08,3,8435,1,1
2025-04-09,3,8348,1,0
2025-04-10,3,8223,1,0
2025-04-11,3,11906,1,0
2025-04-12,3,11797,1,0
2025-04-13,3,9095,0,1
2025-04-14,3,8197,1,0
2025-04-15,3,7271,1,0
2025-04-16,3,8414,1,0
2025-04-17,3,7999,1,0
2025-04-18,3,11765,1,0
2025-04-19,3,11838,1,1
2025-04-20,3,8124,0,0
2025-04-21,3,8298,1,0
2025-04-22,3,8184,1,1
2025-04-23,3,7735,1,0
2025-04-24,3,8153,1,1
2025-04-25,3,12301,1,1
2025-04-26,3,11711,1,0
2025-04-27,3,8101,0,1
2025-04-28,3,6827,1,0
2025-04-29,3,6884,1,1
2025-04-30,3,7909,1,0
2025-05-01,3,8092,1,0
2025-05-02,3,12039,1,0
2025-05-03,3,12809,1,0
2025-05-04,3,7781,0,1
2025-05-05,3,7514,1,0
2025-05-06,3,7664,1,0
2025-05-07,3,8864,1,1
2025-05-08,3,8912,1,1
2025-05-09,3,12845,1,0
2025-05-10,3,12057,1,0
2025-05-11,3,8141,0,0
2025-05-12,3,8080,1,0
2025-05-13,3,8353,1,0
2025-05-14,3,8154,1,0
2025-05-15,3,7843,1,0
2025-05-16,3,11868,1,1
2025-05-17,3,12149,1,0
2025-05-18,3,7606,0,0
2025-05-19,3,7710,1,0
2025-05-20,3,7905,1,0
2025-05-21,3,8509,1,0
2025-05-22,3,8023,1,0
2025-05-23,3,12687,1,0
2025-05-24,3,12698,1,0
2025-05-25,3,7234,0,1
2025-05-26,3,7906,1,0
2025-05-27,3,8411,1,0
2025-05-28,3,7898,1,0
2025-05-29,3,7482,1,0
2025-05-30,3,11872,1,0
2025-05-31,3,12076,1,0
2025-06-01,3,7448,0,0
2025-06-02,3,8003,1,0
2025-06-03,3,7278,1,0
2025-06-04,3,7381,1,0
2025-06-05,3,7704,1,1
2025-06-06,3,12272,1,1
2025-06-07,3,11709,1,0
2025-06-08,3,7802,0,0
2025-06-09,3,8379,1,0
2025-06-10,3,7438,1,0
2025-06-11,3,8860,1,1
2025-06-12,3,7681,1,0
2025-06-13,3,11891,1,0
2025-06-14,3,12230,1,0
2025-06-15,3,7413,0,0
2025-06-16,3,8204,1,0
2025-06-17,3,8355,1,1
2025-06-18,3,8612,1,0
2025-06-19,3,8561,1,0
2025-06-20,3,12720,1,0
2025-06-21,3,12574,1,0
2025-06-22,3,8452,0,0
2025-06-23,3,7167,1,1
2025-06-24,3,8046,1,1
2025-06-25,3,8584,1,1
2025-06-26,3,7901,1,1
2025-06-27,3,12544,1,0
2025-06-28,3,12091,1,1
2025-06-29,3,7766,0,0
2025-06-30,3,8179,1,1
2025-07-01,3,7590,1,0
2025-07-02,3,8247,1,1
2025-07-03,3,7868,1,0
2025-07-04,3,12444,1,0
2025-07-05,3,12053,1,0
2025-07-06,3,7501,0,1
2025-07-07,3,8368,1,0
2025-07-08,3,8110,1,0
2025-07-09,3,8488,1,1
2025-07-10,3,7534,1,1
2025-07-11,3,11997,1,0
2025-07-12,3,12285,1,0
2025-07-13,3,8539,0,0
2025-07-14,3,7607,1,0
2025-07-15,3,7932,1,0
2025-07-16,3,8023,1,0
2025-07-17,3,8269,1,0
2025-07-18,3,11618,1,0
2025-07-19,3,11865,1,0
2025-07-20,3,8555,0,1
2025-07-21,3,8098,1,0
2025-07-22,3,8190,1,1
2025-07-23,3,7958,1,0
2025-07-24,3,8044,1,1
2025-07-25,3,11924,1,0
2025-07-26,3,11983,1,0
2025-07-27,3,8887,0,1
2025-07-28,3,8294,1,0
2025-07-29,3,7968,1,0
2025-07-30,3,8346,1,0
2025-07-31,3,7207,1,0
2025-08-01,3,11824,1,0
2025-08-02,3,11429,1,0
2025-08-03,3,7300,0,0
2025-08-04,3,8012,1,0
2025-08-05,3,8066,1,0
2025-08-06,3,8156,1,0
2025-08-07,3,7450,1,0
2025-08-08,3,11547,1,1
2025-08-09,3,11908,1,1
2025-08-10,3,7816,0,0
2025-08-11,3,7868,1,0
2025-08-12,3,6739,1,1
2025-08-13,3,8216,1,0
2025-08-14,3,8102,1,0
2025-08-15,3,12215,1,1
2025-08-16,3,11742,1,0
2025-08-17,3,7725,0,0
2025-08-18,3,8167,1,1
2025-08-19,3,7608,1,0
2025-08-20,3,7962,1,0
2025-08-21,3,7592,1,0
2025-08-22,3,11646,1,1
2025-08-23,3,11958,1,1
2025-08-24,3,8402,0,0
2025-08-25,3,8861,1,0
2025-08-26,3,8415,1,1
2025-08-27,3,7073,1,0
2025-08-28,3,7929,1,0
2025-08-29,3,12514,1,1
2025-08-30,3,11929,1,0
2025-08-31,3,7939,0,1
2025-09-01,3,7874,1,0
2025-09-02,3,8435,1,0
2025-09-03,3,7705,1,0
2025-09-04,3,7903,1,0
2025-09-05,3,11574,1,0
2025-09-06,3,12138,1,0
2025-09-07,3,7743,0,0
2025-09-08,3,8318,1,0
2025-09-09,3,7499,1,1
2025-09-10,3,7879,1,0
2025-09-11,3,8009,1,1
2025-09-12,3,12497,1,0
2025-09-13,3,12072,1,0
2025-09-14,3,8035,0,0
2025-09-15,3,8440,1,1
2025-09-16,3,8730,1,1
2025-09-17,3,8174,1,0
2025-09-18,3,7480,1,1
2025-09-19,3,13346,1,0
2025-09-20,3,12520,1,0
2025-09-21,3,7681,0,0
2025-09-22,3,7822,1,0
2025-09-23,3,6987,1,0
2025-09-24,3,7900,1,0
2025-09-25,3,7606,1,0
2025-09-26,3,11403,1,0
2025-09-27,3,12057,1,0
2025-09-28,3,8173,0,1
2025-09-29,3,7836,1,0
2025-09-30,3,8245,1,0
2025-10-01,3,8501,1,1
2025-10-02,3,8091,1,1
2025-10-03,3,12376,1,0
2025-10-04,3,11686,1,0
2025-10-05,3,7189,0,0
2025-10-06,3,7910,1,0
2025-10-07,3,8315,1,0
2025-10-08,3,7673,1,0
2025-10-09,3,7708,1,1
2025-10-10,3,12461,1,0
2025-10-11,3,12675,1,1
2025-10-12,3,7783,0,0
2025-10-13,3,7744,1,0
2025-10-14,3,8471,1,1
2025-10-15,3,7422,1,1
2025-10-16,3,8103,1,0
2025-10-17,3,10704,1,0
2025-10-18,3,12661,1,0
2025-10-19,3,8298,0,1
2025-10-20,3,7821,1,0
2025-10-21,3,8373,1,0
2025-10-22,3,8227,1,0
2025-10-23,3,8236,1,0
2025-10-24,3,11853,1,1
2025-10-25,3,11994,1,0
2025-10-26,3,7299,0,0
2025-10-27,3,8050,1,0
2025-10-28,3,8819,1,0
2025-10-29,3,8637,1,0
2025-10-30,3,7713,1,1
2025-10-31,3,11639,1,0
2025-11-01,3,11990,1,0
2025-11-02,3,8341,0,1
2025-11-03,3,8236,1,1
2025-11-04,3,7803,1,0
2025-11-05,3,9279,1,0
2025-11-06,3,7976,1,0
2025-11-07,3,12461,1,0
2025-11-08,3,12161,1,1
2025-11-09,3,7829,0,0
2025-11-10,3,8156,1,1
2025-11-11,3,7996,1,0
2025-11-12,3,7737,1,0
2025-11-13,3,7445,1,1
2025-11-14,3,12569,1,1
2025-11-15,3,11805,1,0
2025-11-16,3,8612,0,0
2025-11-17,3,7747,1,0
2025-11-18,3,7709,1,1
2025-11-19,3,8768,1,0
2025-11-20,3,8687,1,0
2025-11-21,3,12148,1,0
2025-11-22,3,11917,1,0
2025-11-23,3,8448,0,0
2025-11-24,3,7365,1,0
2025-11-25,3,7534,1,1
2025-11-26,3,7845,1,1
2025-11-27,3,8224,1,0
2025-11-28,3,11960,1,1
2025-11-29,3,12529,1,1
2025-11-30,3,9098,0,1
2025-12-01,3,8368,1,1
2025-12-02,3,8221,1,1
2025-12-03,3,7958,1,0
2025-12-04,3,8230,1,0
2025-12-05,3,12189,1,0
2025-12-06,3,12103,1,0
2025-12-07,3,8503,0,1
2025-12-08,3,7982,1,1
2025-12-09,3,8041,1,0
2025-12-10,3,8608,1,1
2025-12-11,3,8405,1,0
2025-12-12,3,11840,1,1
2025-12-13,3,11572,1,0
2025-12-14,3,7911,0,1
2025-12-15,3,8016,1,0
2025-12-16,3,7843,1,0
2025-12-17,3,7597,1,0
2025-12-18,3,7703,1,0
2025-12-19,3,13033,1,0
2025-12-20,3,12218,1,0
2025-12-21,3,8538,0,1
2025-12-22,3,7423,1,0
2025-12-23,3,7894,1,1
2025-12-24,3,8275,1,0
2025-12-25,3,7830,1,1
2025-12-26,3,12306,1,0
2025-12-27,3,11503,1,1
2025-12-28,3,8134,0,0
2025-12-29,3,8729,1,1
2025-12-30,3,7605,1,0
2025-12-31,3,8120,1,1
2024-01-01,4,9148,1,1
2024-01-02,4,8528,1,0
2024-01-03,4,8311,1,0
2024-01-04,4,8471,1,0
2024-01-05,4,13117,1,0
2024-01-06,4,13332,1,0
2024-01-07,4,8837,0,0
2024-01-08,4,9468,1,0
2024-01-09,4,8999,1,0
2024-01-10,4,8666,1,0
2024-01-11,4,9058,1,0
2024-01-12,4,13297,1,0
2024-01-13,4,12578,1,1
2024-01-14,4,8805,0,1
2024-01-15,4,8901,1,1
2024-01-16,4,9273,1,0
2024-01-17,4,9206,1,0
2024-01-18,4,8997,1,0
2024-01-19,4,12886,1,0
2024-01-20,4,13969,1,0
2024-01-21,4,8892,0,0
2024-01-22,4,9914,1,0
2024-01-23,4,8983,1,1
2024-01-24,4,9029,1,0
2024-01-25,4,9052,1,0
2024-01-26,4,13122,1,1
2024-01-27,4,14770,1,0
2024-01-28,4,8877,0,0
2024-01-29,4,10223,1,1
2024-01-30,4,8694,1,0
2024-01-31,4,8969,1,0
2024-02-01,4,8650,1,1
2024-02-02,4,13209,1,0
2024-02-03,4,13490,1,0
2024-02-04,4,8914,0,0
2024-02-05,4,9209,1,0
2024-02-06,4,8398,1,1
2024-02-07,4,8761,1,1
2024-02-08,4,8981,1,0
2024-02-09,4,13790,1,1
2024-02-10,4,13292,1,1
2024-02-11,4,9458,0,1
2024-02-12,4,8488,1,0
2024-02-13,4,8937,1,0
2024-02-14,4,9773,1,0
2024-02-15,4,9136,1,0
2024-02-16,4,13366,1,1
2024-02-17,4,12119,1,0
2024-02-18,4,10165,0,0
2024-02-19,4,8680,1,0
2024-02-20,4,8419,1,0
2024-02-21,4,8927,1,0
2024-02-22,4,8810,1,0
2024-02-23,4,12643,1,0
2024-02-24,4,13916,1,0
2024-02-25,4,9415,0,0
2024-02-26,4,8944,1,0
2024-02-27,4,8415,1,0
2024-02-28,4,8448,1,0
2024-02-29,4,9288,1,0
2024-03-01,4,13069,1,0
2024-03-02,4,13220,1,1
2024-03-03,4,8176,0,1
2024-03-04,4,9135,1,1
2024-03-05,4,8549,1,0
2024-03-06,4,8486,1,1
2024-03-07,4,8952,1,0
2024-03-08,4,12778,1,0
2024-03-09,4,12965,1,0
2024-03-10,4,8038,0,0
2024-03-11,4,8042,1,1
2024-03-12,4,9820,1,0
2024-03-13,4,9905,1,1
2024-03-14,4,9457,1,0
2024-03-15,4,13218,1,0
2024-03-16,4,13366,1,1
2024-03-17,4,9588,0,1
2024-03-18,4,8650,1,0
2024-03-19,4,9074,1,0
2024-03-20,4,9150,1,0
2024-03-21,4,8949,1,0
2024-03-22,4,14047,1,0
2024-03-23,4,14303,1,0
2024-03-24,4,8571,0,1
2024-03-25,4,9600,1,0
2024-03-26,4,8781,1,0
2024-03-27,4,8908,1,1
2024-03-28,4,7775,1,1
2024-03-29,4,13481,1,1
2024-03-30,4,13187,1,0
2024-03-31,4,9028,0,0
2024-04-01,4,8328,1,0
2024-04-02,4,9034,1,0
2024-04-03,4,8639,1,1
2024-04-04,4,9917,1,0
2024-04-05,4,13344,1,0
2024-04-06,4,13505,1,0
2024-04-07,4,9563,0,0
2024-04-08,4,8704,1,0
2024-04-09,4,8814,1,0
2024-04-10,4,8660,1,0
2024-04-11,4,9193,1,1
2024-04-12,4,13674,1,0
2024-04-13,4,13441,1,0
2024-04-14,4,9303,0,0
2024-04-15,4,9219,1,0
2024-04-16,4,9749,1,0
2024-04-17,4,9405,1,0
2024-04-18,4,10116,1,1
2024-04-19,4,13640,1,0
2024-04-20,4,13258,1,0
2024-04-21,4,10048,0,1
2024-04-22,4,9214,1,0
2024-04-23,4,9330,1,0
2024-04-24,4,8985,1,0
2024-04-25,4,9453,1,0
2024-04-26,4,12276,1,0
2024-04-27,4,13545,1,1
2024-04-28,4,8948,0,0
2024-04-29,4,9286,1,1
2024-04-30,4,8167,1,1
2024-05-01,4,8215,1,0
2024-05-02,4,8809,1,0
2024-05-03,4,13277,1,0
2024-05-04,4,13071,1,0
2024-05-05,4,9679,0,0
2024-05-06,4,8834,1,1
2024-05-07,4,8511,1,1
2024-05-08,4,8896,1,0
2024-05-09,4,9068,1,0
2024-05-10,4,13406,1,0
2024-05-11,4,13472,1,0
2024-05-12,4,9194,0,0
2024-05-13,4,9584,1,0
2024-05-14,4,8575,1,1
2024-05-15,4,9153,1,1
2024-05-16,4,8636,1,1
2024-05-17,4,13862,1,0
2024-05-18,4,13407,1,0
2024-05-19,4,9013,0,0
2024-05-20,4,8253,1,0
2024-05-21,4,8775,1,0
2024-05-22,4,9477,1,1
2024-05-23,4,8632,1,1
2024-05-24,4,14047,1,0
2024-05-25,4,14355,1,0
2024-05-26,4,8963,0,1
2024-05-27,4,8556,1,0
2024-05-28,4,9010,1,0
2024-05-29,4,9334,1,0
2024-05-30,4,9403,1,1
2024-05-31,4,13034,1,0
2024-06-01,4,12940,1,0
2024-06-02,4,9307,0,0
2024-06-03,4,8875,1,0
2024-06-04,4,8579,1,0
2024-06-05,4,9253,1,0
2024-06-06,4,8704,1,0
2024-06-07,4,13424,1,1
2024-06-08,4,13831,1,0
2024-06-09,4,9420,0,0
2024-06-10,4,9509,1,0
2024-06-11,4,9544,1,0
2024-06-12,4,9406,1,1
2024-06-13,4,8164,1,0
2024-06-14,4,12993,1,0
2024-06-15,4,13590,1,0
2024-06-16,4,9430,0,0
2024-06-17,4,9284,1,0
2024-06-18,4,9575,1,0
2024-06-19,4,9330,1,0
2024-06-20,4,9679,1,0
2024-06-21,4,13312,1,0
2024-06-22,4,13884,1,1
2024-06-23,4,8772,0,1
2024-06-24,4,8614,1,0
2024-06-25,4,9106,1,1
2024-06-26,4,8397,1,0
2024-06-27,4,8397,1,0
2024-06-28,4,13381,1,0
2024-06-29,4,14915,1,0
2024-06-30,4,8965,0,0
2024-07-01,4,9656,1,0
2024-07-02,4,9637,1,1
2024-07-03,4,8878,1,0
2024-07-04,4,9419,1,0
2024-07-05,4,12937,1,1
2024-07-06,4,13217,1,0
2024-07-07,4,8890,0,0
2024-07-08,4,8773,1,0
2024-07-09,4,9059,1,0
2024-07-10,4,9260,1,0
2024-07-11,4,7636,1,0
2024-07-12,4,13618,1,0
2024-07-13,4,13462,1,1
2024-07-14,4,9417,0,0
2024-07-15,4,8899,1,0
2024-07-16,4,9167,1,0
2024-07-17,4,9273,1,0
2024-07-18,4,9131,1,0
2024-07-19,4,13061,1,0
2024-07-20,4,13279,1,1
2024-07-21,4,9128,0,1
2024-07-22,4,9014,1,1
2024-07-23,4,8928,1,0
2024-07-24,4,7817,1,0
2024-07-25,4,9286,1,0
2024-07-26,4,13226,1,0
2024-07-27,4,13851,1,0
2024-07-28,4,8719,0,1
2024-07-29,4,8827,1,0
2024-07-30,4,8763,1,1
2024-07-31,4,8919,1,0
2024-08-01,4,9371,1,0
2024-08-02,4,14112,1,0
2024-08-03,4,13223,1,0
2024-08-04,4,9015,0,0
2024-08-05,4,9527,1,1
2024-08-06,4,9340,1,0
2024-08-07,4,8756,1,1
2024-08-08,4,9201,1,0
2024-08-09,4,13775,1,1
2024-08-10,4,13434,1,0
2024-08-11,4,9149,0,0
2024-08-12,4,7942,1,0
2024-08-13,4,8903,1,0
2024-08-14,4,8720,1,0
2024-08-15,4,8966,1,0
2024-08-16,4,13493,1,0
2024-08-17,4,13642,1,1
2024-08-18,4,8488,0,0
2024-08-19,4,8762,1,0
2024-08-20,4,8820,1,0
2024-08-21,4,8077,1,1
2024-08-22,4,9543,1,0
2024-08-23,4,13768,1,0
2024-08-24,4,13963,1,0
2024-08-25,4,9631,0,1
2024-08-26,4,9655,1,0
2024-08-27,4,9365,1,0
2024-08-28,4,9370,1,0
2024-08-29,4,9301,1,0
2024-08-30,4,13714,1,0
2024-08-31,4,12643,1,0
2024-09-01,4,9112,0,0
2024-09-02,4,8567,1,1
2024-09-03,4,8744,1,1
2024-09-04,4,9696,1,0
2024-09-05,4,10013,1,1
2024-09-06,4,12550,1,0
2024-09-07,4,13833,1,0
2024-09-08,4,8733,0,1
2024-09-09,4,8872,1,0
2024-09-10,4,9076,1,1
2024-09-11,4,8992,1,0
2024-09-12,4,10375,1,0
2024-09-13,4,13212,1,0
2024-09-14,4,14075,1,1
2024-09-15,4,8630,0,0
2024-09-16,4,9897,1,0
2024-09-17,4,8744,1,0
2024-09-18,4,9593,1,0
2024-09-19,4,9064,1,1
2024-09-20,4,14200,1,0
2024-09-21,4,13584,1,1
2024-09-22,4,8848,0,0
2024-09-23,4,8887,1,0
2024-09-24,4,8442,1,0
2024-09-25,4,8474,1,0
2024-09-26,4,9733,1,1
2024-09-27,4,13455,1,0
2024-09-28,4,14235,1,0
2024-09-29,4,8925,0,1
2024-09-30,4,8522,1,1
2024-10-01,4,9207,1,0
2024-10-02,4,9157,1,0
2024-10-03,4,9514,1,1
2024-10-04,4,12665,1,1
2024-10-05,4,13432,1,1
2024-10-06,4,8184,0,1
2024-10-07,4,8787,1,0
2024-10-08,4,8205,1,0
2024-10-09,4,8740,1,0
2024-10-10,4,8667,1,0
2024-10-11,4,13266,1,0
2024-10-12,4,14118,1,0
2024-10-13,4,8936,0,0
2024-10-14,4,8585,1,0
2024-10-15,4,8992,1,0
2024-10-16,4,9152,1,0
2024-10-17,4,9167,1,0
2024-10-18,4,13469,1,0
2024-10-19,4,13543,1,0
2024-10-20,4,8798,0,0
2024-10-21,4,9372,1,0
2024-10-22,4,7408,1,0
2024-10-23,4,8057,1,0
2024-10-24,4,8955,1,0
2024-10-25,4,12948,1,0
2024-10-26,4,14087,1,0
2024-10-27,4,9426,0,1
2024-10-28,4,9294,1,0
2024-10-29,4,8270,1,0
2024-10-30,4,9286,1,1
2024-10-31,4,8916,1,1
2024-11-01,4,13605,1,0
2024-11-02,4,14366,1,1
2024-11-03,4,9130,0,0
2024-11-04,4,9041,1,0
2024-11-05,4,8790,1,0
2024-11-06,4,9028,1,1
2024-11-07,4,9061,1,0
2024-11-08,4,12827,1,0
2024-11-09,4,13673,1,0
2024-11-10,4,8695,0,1
2024-11-11,4,8793,1,0
2024-11-12,4,9603,1,0
2024-11-13,4,8570,1,0
2024-11-14,4,8486,1,0
2024-11-15,4,13468,1,0
2024-11-16,4,13375,1,0
2024-11-17,4,9047,0,0
2024-11-18,4,8042,1,0
2024-11-19,4,8526,1,0
2024-11-20,4,9072,1,0
2024-11-21,4,9315,1,0
2024-11-22,4,12745,1,0
2024-11-23,4,12507,1,0
2024-11-24,4,9754,0,0
2024-11-25,4,8647,1,0
2024-11-26,4,8472,1,0
2024-11-27,4,9853,1,0
2024-11-28,4,9615,1,0
2024-11-29,4,14219,1,0
2024-11-30,4,13357,1,0
2024-12-01,4,9053,0,1
2024-12-02,4,8640,1,0
2024-12-03,4,9852,1,0
2024-12-04,4,8979,1,0
2024-12-05,4,9221,1,1
2024-12-06,4,13529,1,0
2024-12-07,4,13038,1,0
2024-12-08,4,9231,0,0
2024-12-09,4,9275,1,0
2024-12-10,4,9653,1,0
2024-12-11,4,8365,1,0
2024-12-12,4,8953,1,1
2024-12-13,4,12975,1,0
2024-12-14,4,13588,1,0
2024-12-15,4,9182,0,0
2024-12-16,4,9364,1,0
2024-12-17,4,9230,1,0
2024-12-18,4,8999,1,1
2024-12-19,4,9396,1,0
2024-12-20,4,14085,1,0
2024-12-21,4,13309,1,0
2024-12-22,4,8822,0,0
2024-12-23,4,9244,1,0
2024-12-24,4,8436,1,0
2024-12-25,4,8508,1,1
2024-12-26,4,8934,1,0
2024-12-27,4,12850,1,0
2024-12-28,4,13418,1,0
2024-12-29,4,8574,0,1
2024-12-30,4,8722,1,0
2024-12-31,4,8663,1,0
2025-01-01,4,9131,1,0
2025-01-02,4,10026,1,1
2025-01-03,4,13638,1,1
2025-01-04,4,14185,1,0
2025-01-05,4,8865,0,1
2025-01-06,4,9613,1,0
2025-01-07,4,8385,1,1
2025-01-08,4,10156,1,1
2025-01-09,4,9137,1,0
2025-01-10,4,13237,1,0
2025-01-11,4,13512,1,0
2025-01-12,4,9030,0,1
2025-01-13,4,9574,1,0
2025-01-14,4,9783,1,0
2025-01-15,4,8533,1,0
2025-01-16,4,9010,1,1
2025-01-17,4,13978,1,0
2025-01-18,4,13116,1,0
2025-01-19,4,9227,0,1
2025-01-20,4,9024,1,0
2025-01-21,4,8833,1,1
2025-01-22,4,9257,1,0
2025-01-23,4,8703,1,0
2025-01-24,4,12838,1,0
2025-01-25,4,13638,1,0
2025-01-26,4,9332,0,0
2025-01-27,4,8999,1,0
2025-01-28,4,8163,1,0
2025-01-29,4,8440,1,1
2025-01-30,4,8401,1,0
2025-01-31,4,13523,1,1
2025-02-01,4,14419,1,1
2025-02-02,4,9273,0,0
2025-02-03,4,8939,1,0
2025-02-04,4,9442,1,0
2025-02-05,4,8737,1,0
2025-02-06,4,9134,1,0
2025-02-07,4,13690,1,0
2025-02-08,4,13157,1,1
2025-02-09,4,9360,0,0
2025-02-10,4,9663,1,0
2025-02-11,4,8304,1,1
2025-02-12,4,8625,1,0
2025-02-13,4,9198,1,0
2025-02-14,4,13701,1,0
2025-02-15,4,13700,1,0
2025-02-16,4,9264,0,1
2025-02-17,4,8801,1,0
2025-02-18,4,9045,1,0
2025-02-19,4,9926,1,0
2025-02-20,4,9128,1,1
2025-02-21,4,14113,1,1
2025-02-22,4,13426,1,1
2025-02-23,4,9434,0,0
2025-02-24,4,8909,1,0
2025-02-25,4,8603,1,0
2025-02-26,4,9764,1,0
2025-02-27,4,8990,1,0
2025-02-28,4,13396,1,0
2025-03-01,4,13399,1,1
2025-03-02,4,9904,0,0
2025-03-03,4,8744,1,0
2025-03-04,4,8848,1,1
2025-03-05,4,8658,1,0
2025-03-06,4,9488,1,0
2025-03-07,4,14082,1,0
2025-03-08,4,13395,1,1
2025-03-09,4,8854,0,0
2025-03-10,4,9247,1,1
2025-03-11,4,9842,1,0
2025-03-12,4,8049,1,0
2025-03-13,4,9501,1,0
2025-03-14,4,14103,1,0
2025-03-15,4,13538,1,0
2025-03-16,4,8786,0,0
2025-03-17,4,9445,1,0
2025-03-18,4,7608,1,0
2025-03-19,4,9169,1,0
2025-03-20,4,8829,1,0
2025-03-21,4,13887,1,0
2025-03-22,4,12483,1,0
2025-03-23,4,9642,0,0
2025-03-24,4,9340,1,1
2025-03-25,4,9111,1,0
2025-03-26,4,9276,1,0
2025-03-27,4,9450,1,0
2025-03-28,4,13337,1,0
2025-03-29,4,14221,1,0
2025-03-30,4,9620,0,0
2025-03-31,4,8417,1,0
2025-04-01,4,8710,1,0
2025-04-02,4,8865,1,0
2025-04-03,4,8973,1,0
2025-04-04,4,13227,1,1
2025-04-05,4,12508,1,1
2025-04-06,4,8082,0,0
2025-04-07,4,8914,1,1
2025-04-08,4,9260,1,1
2025-04-09,4,9337,1,0
2025-04-10,4,8871,1,1
2025-04-11,4,14038,1,0
2025-04-12,4,14095,1,0
2025-04-13,4,9242,0,1
2025-04-14,4,8826,1,0
2025-04-15,4,8528,1,1
2025-04-16,4,9582,1,0
2025-04-17,4,9235,1,1
2025-04-18,4,13977,1,0
2025-04-19,4,13448,1,0
2025-04-20,4,8946,0,1
2025-04-21,4,9404,1,0
2025-04-22,4,8837,1,1
2025-04-23,4,9645,1,0
2025-04-24,4,9186,1,1
2025-04-25,4,12506,1,1
2025-04-26,4,13153,1,0
2025-04-27,4,8407,0,0
2025-04-28,4,9871,1,0
2025-04-29,4,8994,1,1
2025-04-30,4,9363,1,0
2025-05-01,4,9578,1,0
2025-05-02,4,13810,1,0
2025-05-03,4,14395,1,0
2025-05-04,4,8762,0,1
2025-05-05,4,9296,1,0
2025-05-06,4,8634,1,0
2025-05-07,4,9092,1,0
2025-05-08,4,8487,1,1
2025-05-09,4,13425,1,0
2025-05-10,4,12922,1,0
2025-05-11,4,8585,0,0
2025-05-12,4,9027,1,1
2025-05-13,4,9774,1,0
2025-05-14,4,9479,1,0
2025-05-15,4,8771,1,1
2025-05-16,4,12753,1,0
2025-05-17,4,13297,1,1
2025-05-18,4,7710,0,0
2025-05-19,4,9723,1,0
2025-05-20,4,8320,1,0
2025-05-21,4,8371,1,0
2025-05-22,4,8455,1,1
2025-05-23,4,13238,1,0
2025-05-24,4,13593,1,0
2025-05-25,4,8874,0,0
2025-05-26,4,8840,1,1
2025-05-27,4,8612,1,0
2025-05-28,4,8973,1,0
2025-05-29,4,9223,1,0
2025-05-30,4,12778,1,1
2025-05-31,4,13403,1,0
2025-06-01,4,9150,0,0
2025-06-02,4,8736,1,0
2025-06-03,4,8877,1,1
2025-06-04,4,8940,1,0
2025-06-05,4,8711,1,0
2025-06-06,4,12862,1,1
2025-06-07,4,13496,1,0
2025-06-08,4,9652,0,0
2025-06-09,4,9032,1,0
2025-06-10,4,8626,1,0
2025-06-11,4,8783,1,0
2025-06-12,4,8628,1,0
2025-06-13,4,14958,1,0
2025-06-14,4,13788,1,1
2025-06-15,4,9285,0,1
2025-06-16,4,8507,1,0
2025-06-17,4,9436,1,0
2025-06-18,4,10285,1,0
2025-06-19,4,9785,1,0
2025-06-20,4,12512,1,0
2025-06-21,4,13839,1,0
2025-06-22,4,8979,0,1
2025-06-23,4,9767,1,0
2025-06-24,4,9686,1,0
2025-06-25,4,8302,1,0
2025-06-26,4,9536,1,1
2025-06-27,4,12885,1,0
2025-06-28,4,14420,1,1
2025-06-29,4,9063,0,1
2025-06-30,4,9212,1,0
2025-07-01,4,8799,1,0
2025-07-02,4,8702,1,1
2025-07-03,4,8474,1,0
2025-07-04,4,11959,1,0
2025-07-05,4,13591,1,0
2025-07-06,4,8553,0,0
2025-07-07,4,8564,1,0
2025-07-08,4,9974,1,0
2025-07-09,4,8550,1,0
2025-07-10,4,8804,1,0
2025-07-11,4,12875,1,1
2025-07-12,4,13514,1,0
2025-07-13,4,9386,0,0
2025-07-14,4,9123,1,0
2025-07-15,4,9184,1,0
2025-07-16,4,8641,1,1
2025-07-17,4,8460,1,0
2025-07-18,4,13251,1,0
2025-07-19,4,14058,1,1
2025-07-20,4,8797,0,0
2025-07-21,4,9514,1,0
2025-07-22,4,9479,1,0
2025-07-23,4,9226,1,0
2025-07-24,4,8052,1,1
2025-07-25,4,13760,1,0
2025-07-26,4,13305,1,0
2025-07-27,4,8106,0,0
2025-07-28,4,9203,1,0
2025-07-29,4,9369,1,0
2025-07-30,4,8862,1,0
2025-07-31,4,9379,1,0
2025-08-01,4,13336,1,0
2025-08-02,4,13749,1,1
2025-08-03,4,9565,0,0
2025-08-04,4,9034,1,1
2025-08-05,4,8365,1,0
2025-08-06,4,8988,1,1
2025-08-07,4,9038,1,1
2025-08-08,4,13802,1,1
2025-08-09,4,13283,1,0
2025-08-10,4,8701,0,0
2025-08-11,4,8769,1,1
2025-08-12,4,9556,1,0
2025-08-13,4,9122,1,0
2025-08-14,4,8143,1,0
2025-08-15,4,12679,1,0
2025-08-16,4,13077,1,0
2025-08-17,4,8382,0,1
2025-08-18,4,9066,1,0
2025-08-19,4,9275,1,0
2025-08-20,4,9021,1,1
2025-08-21,4,9434,1,1
2025-08-22,4,13864,1,0
2025-08-23,4,13176,1,1
2025-08-24,4,8952,0,1
2025-08-25,4,8875,1,1
2025-08-26,4,8862,1,0
2025-08-27,4,9375,1,0
2025-08-28,4,9078,1,1
2025-08-29,4,14032,1,1
2025-08-30,4,13415,1,0
2025-08-31,4,9229,0,0
2025-09-01,4,8600,1,0
2025-09-02,4,8717,1,0
2025-09-03,4,9531,1,0
2025-09-04,4,9476,1,1
2025-09-05,4,13018,1,1
2025-09-06,4,13372,1,0
2025-09-07,4,9780,0,0
2025-09-08,4,8965,1,0
2025-09-09,4,9681,1,0
2025-09-10,4,9124,1,0
2025-09-11,4,8797,1,0
2025-09-12,4,13232,1,0
2025-09-13,4,13464,1,0
2025-09-14,4,8599,0,0
2025-09-15,4,8285,1,0
2025-09-16,4,9081,1,0
2025-09-17,4,8635,1,0
2025-09-18,4,8582,1,1
2025-09-19,4,13068,1,0
2025-09-20,4,13063,1,0
2025-09-21,4,8583,0,0
2025-09-22,4,7999,1,0
2025-09-23,4,8943,1,1
2025-09-24,4,8813,1,0
2025-09-25,4,10377,1,1
2025-09-26,4,13168,1,0
2025-09-27,4,12874,1,0
2025-09-28,4,9109,0,0
2025-09-29,4,9040,1,1
2025-09-30,4,10391,1,0
2025-10-01,4,9410,1,0
2025-10-02,4,8708,1,0
2025-10-03,4,13844,1,0
2025-10-04,4,13918,1,0
2025-10-05,4,10051,0,0
2025-10-06,4,9798,1,1
2025-10-07,4,9089,1,0
2025-10-08,4,8526,1,0
2025-10-09,4,8720,1,0
2025-10-10,4,13546,1,0
2025-10-11,4,12994,1,0
2025-10-12,4,8903,0,0
2025-10-13,4,9134,1,1
2025-10-14,4,9755,1,0
2025-10-15,4,8940,1,0
2025-10-16,4,8343,1,1
2025-10-17,4,13325,1,1
2025-10-18,4,13045,1,1
2025-10-19,4,9828,0,0
2025-10-20,4,9400,1,0
2025-10-21,4,8417,1,0
2025-10-22,4,9246,1,0
2025-10-23,4,8856,1,0
2025-10-24,4,12787,1,0
2025-10-25,4,13906,1,0
2025-10-26,4,8755,0,0
2025-10-27,4,9447,1,1
2025-10-28,4,9485,1,0
2025-10-29,4,10186,1,1
2025-10-30,4,9993,1,0
2025-10-31,4,13629,1,0
2025-11-01,4,13425,1,1
2025-11-02,4,8456,0,0
2025-11-03,4,8569,1,1
2025-11-04,4,8717,1,1
2025-11-05,4,8667,1,0
2025-11-06,4,8502,1,1
2025-11-07,4,13436,1,0
2025-11-08,4,13844,1,0
2025-11-09,4,8500,0,1
2025-11-10,4,8820,1,0
2025-11-11,4,9717,1,0
2025-11-12,4,8151,1,0
2025-11-13,4,9127,1,0
2025-11-14,4,13624,1,1
2025-11-15,4,13266,1,1
2025-11-16,4,9444,0,0
2025-11-17,4,8185,1,0
2025-11-18,4,8389,1,0
2025-11-19,4,8881,1,0
2025-11-20,4,8989,1,0
2025-11-21,4,13658,1,0
2025-11-22,4,13537,1,0
2025-11-23,4,9606,0,1
2025-11-24,4,8604,1,0
2025-11-25,4,8571,1,0
2025-11-26,4,8812,1,0
2025-11-27,4,9225,1,1
2025-11-28,4,14217,1,0
2025-11-29,4,13282,1,1
2025-11-30,4,8775,0,1
2025-12-01,4,8603,1,0
2025-12-02,4,9940,1,0
2025-12-03,4,8441,1,0
2025-12-04,4,9532,1,0
2025-12-05,4,13528,1,0
2025-12-06,4,13574,1,0
2025-12-07,4,8549,0,1
2025-12-08,4,8893,1,0
2025-12-09,4,8693,1,0
2025-12-10,4,9604,1,0
2025-12-11,4,8626,1,0
2025-12-12,4,13319,1,0
2025-12-13,4,12664,1,0
2025-12-14,4,8424,0,0
2025-12-15,4,9342,1,0
2025-12-16,4,9760,1,1
2025-12-17,4,8529,1,0
2025-12-18,4,8613,1,0
2025-12-19,4,13056,1,0
2025-12-20,4,11762,1,0
2025-12-21,4,8536,0,0
2025-12-22,4,7865,1,0
2025-12-23,4,9365,1,1
2025-12-24,4,8441,1,0
2025-12-25,4,8685,1,0
2025-12-26,4,13292,1,1
2025-12-27,4,13254,1,0
2025-12-28,4,9069,0,1
2025-12-29,4,8399,1,0
2025-12-30,4,8701,1,0
2025-12-31,4,9975,1,0
2024-01-01,5,10182,1,0
2024-01-02,5,10571,1,0
2024-01-03,5,9771,1,1
2024-01-04,5,10203,1,0
2024-01-05,5,14500,1,0
2024-01-06,5,13583,1,0
2024-01-07,5,9466,0,1
2024-01-08,5,9670,1,0
2024-01-09,5,10438,1,0
2024-01-10,5,10318,1,0
2024-01-11,5,9742,1,1
2024-01-12,5,13729,1,0
2024-01-13,5,14386,1,1
2024-01-14,5,10181,0,0
2024-01-15,5,9611,1,0
2024-01-16,5,9481,1,1
2024-01-17,5,10288,1,1
2024-01-18,5,11169,1,0
2024-01-19,5,15007,1,0
2024-01-20,5,14309,1,0
2024-01-21,5,10004,0,0
2024-01-22,5,9670,1,0
2024-01-23,5,9451,1,1
2024-01-24,5,10684,1,0
2024-01-25,5,9678,1,0
2024-01-26,5,15519,1,0
2024-01-27,5,15082,1,1
2024-01-28,5,10193,0,0
2024-01-29,5,9862,1,0
2024-01-30,5,11163,1,0
2024-01-31,5,10318,1,0
2024-02-01,5,10059,1,1
2024-02-02,5,15016,1,1
2024-02-03,5,14964,1,0
2024-02-04,5,10158,0,0
2024-02-05,5,9812,1,0
2024-02-06,5,9056,1,0
2024-02-07,5,9893,1,1
2024-02-08,5,10083,1,1
2024-02-09,5,15778,1,0
2024-02-10,5,15043,1,0
2024-02-11,5,9288,0,0
2024-02-12,5,9912,1,0
2024-02-13,5,11134,1,0
2024-02-14,5,9356,1,0
2024-02-15,5,10608,1,1
2024-02-16,5,15004,1,0
2024-02-17,5,15666,1,0
2024-02-18,5,10415,0,1
2024-02-19,5,10731,1,0
2024-02-20,5,9558,1,0
2024-02-21,5,9377,1,0
2024-02-22,5,9336,1,0
2024-02-23,5,14538,1,0
2024-02-24,5,14155,1,0
2024-02-25,5,9297,0,1
2024-02-26,5,9080,1,0
2024-02-27,5,9658,1,0
2024-02-28,5,9581,1,1
2024-02-29,5,9950,1,0
2024-03-01,5,14808,1,0
2024-03-02,5,14967,1,1
2024-03-03,5,9377,0,0
2024-03-04,5,9318,1,0
2024-03-05,5,10018,1,0
2024-03-06,5,9275,1,0
2024-03-07,5,9228,1,0
2024-03-08,5,14676,1,0
2024-03-09,5,15806,1,0
2024-03-10,5,9908,0,0
2024-03-11,5,11121,1,0
2024-03-12,5,10350,1,0
2024-03-13,5,9682,1,0
2024-03-14,5,10994,1,0
2024-03-15,5,15136,1,1
2024-03-16,5,15267,1,1
2024-03-17,5,10290,0,1
2024-03-18,5,8890,1,0
2024-03-19,5,9961,1,1
2024-03-20,5,10597,1,0
2024-03-21,5,9815,1,1
2024-03-22,5,15196,1,0
2024-03-23,5,15591,1,0
2024-03-24,5,10217,0,0
2024-03-25,5,10148,1,0
2024-03-26,5,10006,1,1
2024-03-27,5,9818,1,1
2024-03-28,5,10004,1,0
2024-03-29,5,15335,1,0
2024-03-30,5,15264,1,0
2024-03-31,5,9200,0,1
2024-04-01,5,9917,1,1
2024-04-02,5,9886,1,0
2024-04-03,5,9929,1,1
2024-04-04,5,9560,1,0
2024-04-05,5,15713,1,1
2024-04-06,5,14617,1,0
2024-04-07,5,9737,0,1
2024-04-08,5,10565,1,1
2024-04-09,5,8812,1,0
2024-04-10,5,10422,1,1
2024-04-11,5,9997,1,0
2024-04-12,5,14138,1,1
2024-04-13,5,14383,1,1
2024-04-14,5,10069,0,0
2024-04-15,5,9558,1,0
2024-04-16,5,9777,1,0
2024-04-17,5,9409,1,0
2024-04-18,5,10252,1,0
2024-04-19,5,16354,1,1
2024-04-20,5,15238,1,0
2024-04-21,5,10145,0,0
2024-04-22,5,9242,1,0
2024-04-23,5,9670,1,0
2024-04-24,5,10753,1,0
2024-04-25,5,10101,1,1
2024-04-26,5,15056,1,0
2024-04-27,5,15177,1,0
2024-04-28,5,9019,0,1
2024-04-29,5,9555,1,0
2024-04-30,5,10526,1,1
2024-05-01,5,10463,1,0
2024-05-02,5,10665,1,0
2024-05-03,5,14226,1,0
2024-05-04,5,14894,1,0
2024-05-05,5,9956,0,1
2024-05-06,5,10451,1,1
2024-05-07,5,10586,1,0
2024-05-08,5,9645,1,0
2024-05-09,5,10276,1,0
2024-05-10,5,14900,1,0
2024-05-11,5,14806,1,0
2024-05-12,5,9477,0,1
2024-05-13,5,10476,1,0
2024-05-14,5,10022,1,0
2024-05-15,5,9868,1,1
2024-05-16,5,10459,1,0
2024-05-17,5,15121,1,1
2024-05-18,5,15415,1,0
2024-05-19,5,9769,0,0
2024-05-20,5,9891,1,0
2024-05-21,5,10587,1,0
2024-05-22,5,10458,1,0
2024-05-23,5,9843,1,1
2024-05-24,5,14610,1,0
2024-05-25,5,14728,1,0
2024-05-26,5,10534,0,0
2024-05-27,5,10534,1,0
2024-05-28,5,9959,1,0
2024-05-29,5,10595,1,0
2024-05-30,5,9269,1,1
2024-05-31,5,15997,1,0
2024-06-01,5,15165,1,0
2024-06-02,5,9461,0,0
2024-06-03,5,10699,1,0
2024-06-04,5,9483,1,0
2024-06-05,5,10149,1,0
2024-06-06,5,9637,1,0
2024-06-07,5,13686,1,1
2024-06-08,5,15595,1,1
2024-06-09,5,9616,0,0
2024-06-10,5,10906,1,0
2024-06-11,5,9133,1,1
2024-06-12,5,10101,1,1
2024-06-13,5,10205,1,1
2024-06-14,5,14988,1,0
2024-06-15,5,14471,1,0
2024-06-16,5,9188,0,0
2024-06-17,5,10045,1,0
2024-06-18,5,10353,1,0
2024-06-19,5,9960,1,0
2024-06-20,5,9786,1,0
2024-06-21,5,15296,1,0
2024-06-22,5,15896,1,0
2024-06-23,5,9484,0,0
2024-06-24,5,9774,1,0
2024-06-25,5,8935,1,1
2024-06-26,5,9706,1,0
2024-06-27,5,10114,1,0
2024-06-28,5,14665,1,0
2024-06-29,5,15288,1,0
2024-06-30,5,10035,0,0
2024-07-01,5,10171,1,0
2024-07-02,5,9481,1,0
2024-07-03,5,10404,1,0
2024-07-04,5,9831,1,0
2024-07-05,5,14839,1,0
2024-07-06,5,14733,1,0
2024-07-07,5,9393,0,0
2024-07-08,5,10482,1,0
2024-07-09,5,9080,1,1
2024-07-10,5,9466,1,0
2024-07-11,5,10059,1,0
2024-07-12,5,15254,1,0
2024-07-13,5,14792,1,0
2024-07-14,5,10835,0,0
2024-07-15,5,10003,1,0
2024-07-16,5,9293,1,1
2024-07-17,5,9896,1,0
2024-07-18,5,10111,1,0
2024-07-19,5,14794,1,0
2024-07-20,5,15625,1,1
2024-07-21,5,9910,0,0
2024-07-22,5,10305,1,0
2024-07-23,5,9608,1,0
2024-07-24,5,10261,1,0
2024-07-25,5,10300,1,0
2024-07-26,5,15038,1,1
2024-07-27,5,14521,1,1
2024-07-28,5,10476,0,0
2024-07-29,5,9349,1,0
2024-07-30,5,10367,1,0
2024-07-31,5,10087,1,1
2024-08-01,5,10255,1,1
2024-08-02,5,15786,1,1
2024-08-03,5,14741,1,1
2024-08-04,5,9505,0,0
2024-08-05,5,9955,1,1
2024-08-06,5,10680,1,0
2024-08-07,5,10065,1,0
2024-08-08,5,10474,1,1
2024-08-09,5,15338,1,0
2024-08-10,5,14546,1,0
2024-08-11,5,10046,0,1
2024-08-12,5,10079,1,1
2024-08-13,5,10917,1,0
2024-08-14,5,10445,1,1
2024-08-15,5,10080,1,1
2024-08-16,5,14959,1,1
2024-08-17,5,15834,1,1
2024-08-18,5,10213,0,0
2024-08-19,5,10534,1,1
2024-08-20,5,9524,1,1
2024-08-21,5,9291,1,0
2024-08-22,5,9597,1,0
2024-08-23,5,15315,1,0
2024-08-24,5,14156,1,0
2024-08-25,5,9720,0,0
2024-08-26,5,9971,1,0
2024-08-27,5,9796,1,0
2024-08-28,5,9609,1,1
2024-08-29,5,9912,1,0
2024-08-30,5,14613,1,0
2024-08-31,5,14603,1,0
2024-09-01,5,9825,0,1
2024-09-02,5,10605,1,1
2024-09-03,5,9474,1,0
2024-09-04,5,10313,1,0
2024-09-05,5,9596,1,0
2024-09-06,5,15391,1,0
2024-09-07,5,15389,1,0
2024-09-08,5,9470,0,0
2024-09-09,5,10124,1,0
2024-09-10,5,10475,1,0
2024-09-11,5,10732,1,0
2024-09-12,5,10357,1,0
2024-09-13,5,15840,1,0
2024-09-14,5,15584,1,0
2024-09-15,5,10545,0,0
2024-09-16,5,9647,1,1
2024-09-17,5,9946,1,1
2024-09-18,5,9945,1,0
2024-09-19,5,9421,1,1
2024-09-20,5,15445,1,0
2024-09-21,5,14996,1,0
2024-09-22,5,9970,0,1
2024-09-23,5,10062,1,1
2024-09-24,5,8867,1,1
2024-09-25,5,9560,1,0
2024-09-26,5,9569,1,0
2024-09-27,5,15149,1,0
2024-09-28,5,14848,1,0
2024-09-29,5,10125,0,0
2024-09-30,5,10116,1,0
2024-10-01,5,10181,1,0
2024-10-02,5,10226,1,0
2024-10-03,5,10007,1,0
2024-10-04,5,15786,1,0
2024-10-05,5,14055,1,0
2024-10-06,5,10281,0,0
2024-10-07,5,11053,1,0
2024-10-08,5,10055,1,0
2024-10-09,5,10684,1,0
2024-10-10,5,10570,1,0
2024-10-11,5,15421,1,0
2024-10-12,5,16003,1,0
2024-10-13,5,10008,0,0
2024-10-14,5,10166,1,0
2024-10-15,5,10688,1,0
2024-10-16,5,9132,1,0
2024-10-17,5,9334,1,0
2024-10-18,5,14923,1,0
2024-10-19,5,15430,1,0
2024-10-20,5,9271,0,1
2024-10-21,5,10696,1,0
2024-10-22,5,11183,1,1
2024-10-23,5,10188,1,0
2024-10-24,5,10537,1,0
2024-10-25,5,14277,1,0
2024-10-26,5,14514,1,0
2024-10-27,5,10290,0,0
2024-10-28,5,10082,1,0
2024-10-29,5,9990,1,1
2024-10-30,5,10259,1,0
2024-10-31,5,10142,1,0
2024-11-01,5,15406,1,0
2024-11-02,5,14243,1,1
2024-11-03,5,9358,0,0
2024-11-04,5,10077,1,1
2024-11-05,5,10152,1,0
2024-11-06,5,10424,1,0
2024-11-07,5,9025,1,0
2024-11-08,5,14757,1,0
2024-11-09,5,15127,1,1
2024-11-10,5,10032,0,0
2024-11-11,5,10464,1,0
2024-11-12,5,9682,1,0
2024-11-13,5,9811,1,0
2024-11-14,5,10868,1,0
2024-11-15,5,14158,1,0
2024-11-16,5,15779,1,0
2024-11-17,5,10239,0,0
2024-11-18,5,10317,1,0
2024-11-19,5,9103,1,1
2024-11-20,5,9500,1,0
2024-11-21,5,10287,1,0
2024-11-22,5,14804,1,0
2024-11-23,5,14301,1,1
2024-11-24,5,9875,0,1
2024-11-25,5,9551,1,0
2024-11-26,5,10712,1,0
2024-11-27,5,10414,1,0
2024-11-28,5,10009,1,1
2024-11-29,5,15537,1,1
2024-11-30,5,14213,1,0
2024-12-01,5,10016,0,1
2024-12-02,5,10366,1,1
2024-12-03,5,9265,1,1
2024-12-04,5,10220,1,1
2024-12-05,5,9738,1,0
2024-12-06,5,15400,1,0
2024-12-07,5,14817,1,0
2024-12-08,5,10452,0,0
2024-12-09,5,9726,1,1
2024-12-10,5,9597,1,0
2024-12-11,5,10107,1,0
2024-12-12,5,10011,1,0
2024-12-13,5,14697,1,0
2024-12-14,5,15105,1,1
2024-12-15,5,9643,0,0
2024-12-16,5,9583,1,0
2024-12-17,5,10224,1,0
2024-12-18,5,9107,1,0
2024-12-19,5,9677,1,0
2024-12-20,5,15417,1,0
2024-12-21,5,15502,1,0
2024-12-22,5,8930,0,0
2024-12-23,5,10104,1,0
2024-12-24,5,9749,1,0
2024-12-25,5,10457,1,1
2024-12-26,5,10086,1,0
2024-12-27,5,15349,1,0
2024-12-28,5,15016,1,0
2024-12-29,5,11161,0,1
2024-12-30,5,9850,1,0
2024-12-31,5,10619,1,0
2025-01-01,5,9536,1,0
2025-01-02,5,9185,1,0
2025-01-03,5,14997,1,0
2025-01-04,5,15389,1,0
2025-01-05,5,10201,0,0
2025-01-06,5,10126,1,0
2025-01-07,5,10400,1,0
2025-01-08,5,10201,1,0
2025-01-09,5,9585,1,0
2025-01-10,5,14750,1,0
2025-01-11,5,14566,1,0
2025-01-12,5,9544,0,0
2025-01-13,5,10376,1,0
2025-01-14,5,9704,1,1
2025-01-15,5,10307,1,0
2025-01-16,5,9773,1,1
2025-01-17,5,14826,1,0
2025-01-18,5,14891,1,0
2025-01-19,5,9289,0,0
2025-01-20,5,9817,1,0
2025-01-21,5,10105,1,0
2025-01-22,5,9348,1,0
2025-01-23,5,10034,1,0
2025-01-24,5,15834,1,0
2025-01-25,5,14661,1,0
2025-01-26,5,10117,0,0
2025-01-27,5,9130,1,0
2025-01-28,5,10207,1,0
2025-01-29,5,9739,1,0
2025-01-30,5,8920,1,0
2025-01-31,5,14824,1,1
2025-02-01,5,15599,1,0
2025-02-02,5,10455,0,0
2025-02-03,5,10479,1,0
2025-02-04,5,9584,1,1
2025-02-05,5,10059,1,0
2025-02-06,5,10257,1,0
2025-02-07,5,15257,1,0
2025-02-08,5,15553,1,1
2025-02-09,5,9803,0,0
2025-02-10,5,8998,1,1
2025-02-11,5,9314,1,0
2025-02-12,5,9904,1,0
2025-02-13,5,9898,1,0
2025-02-14,5,14640,1,0
2025-02-15,5,14210,1,0
2025-02-16,5,10560,0,0
2025-02-17,5,10731,1,0
2025-02-18,5,9697,1,0
2025-02-19,5,10510,1,0
2025-02-20,5,10956,1,0
2025-02-21,5,14424,1,0
2025-02-22,5,14102,1,0
2025-02-23,5,9458,0,0
2025-02-24,5,9691,1,0
2025-02-25,5,10097,1,0
2025-02-26,5,10208,1,0
2025-02-27,5,9499,1,0
2025-02-28,5,14755,1,0
2025-03-01,5,13943,1,1
2025-03-02,5,9952,0,1
2025-03-03,5,10036,1,1
2025-03-04,5,10836,1,1
2025-03-05,5,10162,1,0
2025-03-06,5,9682,1,0
2025-03-07,5,14806,1,0
2025-03-08,5,13820,1,0
2025-03-09,5,9942,0,1
2025-03-10,5,9329,1,0
2025-03-11,5,10695,1,1
2025-03-12,5,10406,1,0
2025-03-13,5,9354,1,0
2025-03-14,5,14661,1,1
2025-03-15,5,14550,1,0
2025-03-16,5,10252,0,0
2025-03-17,5,10080,1,0
2025-03-18,5,9895,1,0
2025-03-19,5,9859,1,1
2025-03-20,5,9173,1,0
2025-03-21,5,15384,1,0
2025-03-22,5,15281,1,0
2025-03-23,5,9767,0,1
2025-03-24,5,9954,1,1
2025-03-25,5,10504,1,0
2025-03-26,5,10650,1,0
2025-03-27,5,10753,1,1
2025-03-28,5,14517,1,1
2025-03-29,5,15256,1,0
2025-03-30,5,9587,0,0
2025-03-31,5,11346,1,0
2025-04-01,5,9540,1,0
2025-04-02,5,10583,1,0
2025-04-03,5,10613,1,0
2025-04-04,5,15468,1,0
2025-04-05,5,15227,1,0
2025-04-06,5,9548,0,1
2025-04-07,5,10002,1,0
2025-04-08,5,9917,1,0
2025-04-09,5,10274,1,0
2025-04-10,5,10388,1,0
2025-04-11,5,14821,1,1
2025-04-12,5,14438,1,0
2025-04-13,5,10486,0,0
2025-04-14,5,10520,1,1
2025-04-15,5,8547,1,0
2025-04-16,5,9012,1,0
2025-04-17,5,9786,1,0
2025-04-18,5,15126,1,0
2025-04-19,5,14929,1,0
2025-04-20,5,9474,0,0
2025-04-21,5,9504,1,0
2025-04-22,5,9835,1,0
2025-04-23,5,10369,1,0
2025-04-24,5,10016,1,0
2025-04-25,5,14871,1,0
2025-04-26,5,14596,1,0
2025-04-27,5,9115,0,0
2025-04-28,5,10029,1,0
2025-04-29,5,10463,1,0
2025-04-30,5,9398,1,0
2025-05-01,5,9688,1,1
2025-05-02,5,14005,1,0
2025-05-03,5,15659,1,1
2025-05-04,5,10542,0,0
2025-05-05,5,8999,1,0
2025-05-06,5,11173,1,0
2025-05-07,5,11112,1,0
2025-05-08,5,9726,1,0
2025-05-09,5,15321,1,0
2025-05-10,5,15537,1,0
2025-05-11,5,10813,0,0
2025-05-12,5,10113,1,1
2025-05-13,5,10059,1,0
2025-05-14,5,10445,1,0
2025-05-15,5,10322,1,0
2025-05-16,5,14896,1,1
2025-05-17,5,15383,1,0
2025-05-18,5,10460,0,1
2025-05-19,5,10623,1,0
2025-05-20,5,10211,1,1
2025-05-21,5,9304,1,1
2025-05-22,5,10569,1,1
2025-05-23,5,15138,1,0
2025-05-24,5,14841,1,0
2025-05-25,5,10310,0,0
2025-05-26,5,10846,1,1
2025-05-27,5,10471,1,0
2025-05-28,5,9403,1,0
2025-05-29,5,9687,1,0
2025-05-30,5,14957,1,1
2025-05-31,5,15780,1,1
2025-06-01,5,9223,0,0
2025-06-02,5,10624,1,0
2025-06-03,5,10069,1,0
2025-06-04,5,9642,1,0
2025-06-05,5,10005,1,0
2025-06-06,5,13997,1,1
2025-06-07,5,14789,1,1
2025-06-08,5,9926,0,1
2025-06-09,5,9978,1,0
2025-06-10,5,9911,1,1
2025-06-11,5,10570,1,0
2025-06-12,5,10118,1,0
2025-06-13,5,15456,1,1
2025-06-14,5,14748,1,0
2025-06-15,5,9829,0,0
2025-06-16,5,9795,1,1
2025-06-17,5,9583,1,0
2025-06-18,5,9176,1,1
2025-06-19,5,9367,1,0
2025-06-20,5,15652,1,1
2025-06-21,5,15126,1,0
2025-06-22,5,9748,0,1
2025-06-23,5,9859,1,0
2025-06-24,5,10016,1,0
2025-06-25,5,10899,1,1
2025-06-26,5,9934,1,0
2025-06-27,5,14939,1,1
2025-06-28,5,14216,1,0
2025-06-29,5,10484,0,1
2025-06-30,5,10013,1,0
2025-07-01,5,8880,1,1
2025-07-02,5,9285,1,0
2025-07-03,5,10684,1,1
2025-07-04,5,14945,1,0
2025-07-05,5,15329,1,0
2025-07-06,5,9157,0,0
2025-07-07,5,9685,1,0
2025-07-08,5,9054,1,1
2025-07-09,5,9436,1,0
2025-07-10,5,9943,1,1
2025-07-11,5,14412,1,1
2025-07-12,5,14636,1,0
2025-07-13,5,9309,0,0
2025-07-14,5,10372,1,1
2025-07-15,5,9726,1,1
2025-07-16,5,10355,1,0
2025-07-17,5,9531,1,0
2025-07-18,5,14878,1,1
2025-07-19,5,14748,1,1
2025-07-20,5,9760,0,1
2025-07-21,5,9556,1,1
2025-07-22,5,9248,1,0
2025-07-23,5,9950,1,0
2025-07-24,5,10427,1,1
2025-07-25,5,15119,1,0
2025-07-26,5,14717,1,0
2025-07-27,5,10231,0,0
2025-07-28,5,9861,1,0
2025-07-29,5,10034,1,0
2025-07-30,5,10158,1,0
2025-07-31,5,9334,1,0
2025-08-01,5,14345,1,1
2025-08-02,5,15048,1,0
2025-08-03,5,10616,0,0
2025-08-04,5,10234,1,0
2025-08-05,5,11057,1,1
2025-08-06,5,10180,1,1
2025-08-07,5,10401,1,0
2025-08-08,5,14950,1,0
2025-08-09,5,16444,1,1
2025-08-10,5,10602,0,0
2025-08-11,5,9410,1,0
2025-08-12,5,9787,1,0
2025-08-13,5,9756,1,1
2025-08-14,5,9683,1,0
2025-08-15,5,15397,1,0
2025-08-16,5,15104,1,0
2025-08-17,5,9784,0,0
2025-08-18,5,10811,1,0
2025-08-19,5,10024,1,0
2025-08-20,5,9768,1,0
2025-08-21,5,9760,1,0
2025-08-22,5,15505,1,0
2025-08-23,5,14667,1,0
2025-08-24,5,10453,0,1
2025-08-25,5,9364,1,1
2025-08-26,5,9389,1,0
2025-08-27,5,10216,1,0
2025-08-28,5,10109,1,1
2025-08-29,5,14696,1,0
2025-08-30,5,15817,1,1
2025-08-31,5,9819,0,0
2025-09-01,5,10087,1,0
2025-09-02,5,10140,1,1
2025-09-03,5,10037,1,0
2025-09-04,5,9649,1,0
2025-09-05,5,14665,1,0
2025-09-06,5,14603,1,0
2025-09-07,5,9979,0,1
2025-09-08,5,10306,1,1
2025-09-09,5,10138,1,0
2025-09-10,5,9908,1,0
2025-09-11,5,10112,1,1
2025-09-12,5,14358,1,1
2025-09-13,5,14916,1,0
2025-09-14,5,9586,0,1
2025-09-15,5,11193,1,0
2025-09-16,5,9841,1,0
2025-09-17,5,9598,1,0
2025-09-18,5,10073,1,0
2025-09-19,5,15885,1,0
2025-09-20,5,15136,1,0
2025-09-21,5,10043,0,0
2025-09-22,5,9484,1,0
2025-09-23,5,9589,1,1
2025-09-24,5,10579,1,0
2025-09-25,5,9842,1,0
2025-09-26,5,15472,1,0
2025-09-27,5,15101,1,1
2025-09-28,5,10296,0,0
2025-09-29,5,9819,1,0
2025-09-30,5,10393,1,1
2025-10-01,5,10516,1,1
2025-10-02,5,9659,1,0
2025-10-03,5,14794,1,0
2025-10-04,5,15517,1,0
2025-10-05,5,9730,0,0
2025-10-06,5,10438,1,1
2025-10-07,5,10643,1,1
2025-10-08,5,10891,1,1
2025-10-09,5,10586,1,0
2025-10-10,5,14956,1,0
2025-10-11,5,14944,1,0
2025-10-12,5,9636,0,1
2025-10-13,5,10223,1,0
2025-10-14,5,9780,1,0
2025-10-15,5,9691,1,0
2025-10-16,5,9384,1,0
2025-10-17,5,14778,1,1
2025-10-18,5,15233,1,0
2025-10-19,5,10143,0,0
2025-10-20,5,10213,1,0
2025-10-21,5,9786,1,0
2025-10-22,5,9317,1,0
2025-10-23,5,10243,1,1
2025-10-24,5,14937,1,0
2025-10-25,5,14218,1,0
2025-10-26,5,10488,0,0
2025-10-27,5,10387,1,0
2025-10-28,5,10089,1,0
2025-10-29,5,9479,1,1
2025-10-30,5,9540,1,1
2025-10-31,5,14971,1,0
2025-11-01,5,15660,1,1
2025-11-02,5,11041,0,0
2025-11-03,5,10786,1,0
2025-11-04,5,9792,1,1
2025-11-05,5,9694,1,0
2025-11-06,5,10050,1,1
2025-11-07,5,14638,1,0
2025-11-08,5,14057,1,1
2025-11-09,5,10196,0,0
2025-11-10,5,10107,1,0
2025-11-11,5,10989,1,0
2025-11-12,5,10115,1,1
2025-11-13,5,9124,1,0
2025-11-14,5,15848,1,0
2025-11-15,5,15233,1,0
2025-11-16,5,10821,0,0
2025-11-17,5,10294,1,0
2025-11-18,5,9656,1,1
2025-11-19,5,10293,1,0
2025-11-20,5,10463,1,0
2025-11-21,5,15372,1,0
2025-11-22,5,15112,1,0
2025-11-23,5,9424,0,0
2025-11-24,5,10143,1,1
2025-11-25,5,10082,1,1
2025-11-26,5,9577,1,1
2025-11-27,5,10052,1,0
2025-11-28,5,15316,1,0
2025-11-29,5,15456,1,0
2025-11-30,5,10417,0,0
2025-12-01,5,9934,1,0
2025-12-02,5,10092,1,0
2025-12-03,5,10030,1,0
2025-12-04,5,10978,1,0
2025-12-05,5,15099,1,0
2025-12-06,5,15322,1,0
2025-12-07,5,9626,0,1
2025-12-08,5,10723,1,0
2025-12-09,5,9608,1,1
2025-12-10,5,10145,1,1
2025-12-11,5,10427,1,0
2025-12-12,5,14356,1,1
2025-12-13,5,15299,1,0
2025-12-14,5,9410,0,0
2025-12-15,5,9811,1,0
2025-12-16,5,10110,1,1
2025-12-17,5,9839,1,0
2025-12-18,5,9976,1,0
2025-12-19,5,14963,1,0
2025-12-20,5,15822,1,0
2025-12-21,5,9641,0,0
2025-12-22,5,10100,1,0
2025-12-23,5,11091,1,1
2025-12-24,5,9873,1,0
2025-12-25,5,9773,1,1
2025-12-26,5,14521,1,1
2025-12-27,5,14900,1,0
2025-12-28,5,10128,0,1
2025-12-29,5,9385,1,0
2025-12-30,5,10733,1,0
2025-12-31,5,9606,1,0
